companny_name,img,companny_url,banks,days_open,last_updated,buy_cost,buy_variation,sale_cost,sale_variation,time,day
Dollar House,https://s3-ced-uploads-01.s3.amazonaws.com/1702304946735-dollar-house-v2.svg,https://dollarhouse.pe/?utm_source=ced,"BCP, Interbak","{'M_F': '9 am - 7 pm.', 'Saturdays': '10 am - 1pm', 'Sundays': ''}",2024-10-03T22:57:19.817Z,3.725,0.0,3.735,0.0,08:29:10,04-10-2024
Rextie,https://s3-ced-uploads-01.s3.amazonaws.com/1700582494591-rextie.png,https://web.rextie.com/registrate?utm_source=cuanto-esta-el-dolar&utm_medium=hubspot&utm_campaign=cuanto-esta-el-dolar&utm_term=listado&utm_content= ,"BCP, Interbank, Pichincha, BANBIF","{'M_F': '8 am - 8 pm', 'Saturdays': '9 am - 3 pm', 'Sundays': ''}",2024-09-17T16:57:36.867Z,3.7135,0.0,3.7465,0.0,08:29:10,04-10-2024
CambiaFX,https://s3-ced-uploads-01.s3.amazonaws.com/1703001286669-cambiafx_v2.svg,https://cambiafx.pe/?utm_source=display&utm_medium=banner&utm_campaign=Cuanto_esta_el_Dolar&utm_content=boton_cambiar,"BCP, Interbank, Banbif, Yape, Plin, Otros Bancos Transf. Interbancaria","{'M_F': '9 am - 7pm', 'Saturdays': '10 am - 1 pm', 'Sundays': ''}",2024-09-17T22:57:19.785Z,3.717,0.0,3.739,0.003,08:29:10,04-10-2024
Cambio Mundial,https://s3-ced-uploads-01.s3.amazonaws.com/1706405397247-cambiomundial-2.svg,https://www.cambiomundial.com/?utm_source=ced,BCP,"{'M_F': '9 am - 6 pm', 'Saturdays': '9 am - 1:00 pm', 'Sundays': ''}",2024-09-17T19:10:55.609Z,3.726,0.0,3.754,-0.001,08:29:10,04-10-2024
Perú dolar,https://s3-ced-uploads-01.s3.amazonaws.com/1710258214508-perudolar.svg,https://perudolar.pe/?utm_source=ced&utm_medium=listado,BCP,"{'M_F': '9 am - 4 pm', 'Saturdays': '-', 'Sundays': ''}",2024-10-03T21:03:03.093Z,3.72,0.0,3.735,0.0,08:29:10,04-10-2024
Okane,https://s3-ced-uploads-01.s3.amazonaws.com/1703885579335-okane.svg,https://www.okanecambiodigital.com/?utm_source=ced,BCP,"{'M_F': '9 am - 6pm', 'Saturdays': '9 am - 2 pm', 'Sundays': ''}",2024-09-13T04:26:45.596Z,3.71,-0.01,3.76,0.021,08:29:10,04-10-2024
Dichikash,https://s3-ced-uploads-01.s3.amazonaws.com/1703885241775-dichikash.svg,https://dichikash.com/?utm_source=ced,"BCP, Interbank, BBVA","{'M_F': '9 am - 7 pm', 'Saturdays': '9 am - 7 pm', 'Sundays': '10 am- 1 pm'}",2024-09-13T03:58:55.512Z,3.725,0.001,3.742,0.002,08:29:10,04-10-2024
chapacambio,https://s3-ced-uploads-01.s3.amazonaws.com/1703885660214-chapa-cambio.svg,https://chapacambio.com/?c=CHAPACUANTO,"BCP, BanBif, Interbank, BBVA, Scotiabank","{'M_F': '8:30 am - 6 pm', 'Saturdays': '8:30 am - 1 pm', 'Sundays': ''}",2024-09-13T03:58:28.951Z,3.719,0.0,3.737,0.003,08:29:10,04-10-2024
Western Union,https://s3-ced-uploads-01.s3.amazonaws.com/1703611552019-western-union.svg,https://westernunionperu.pe/cambiodemoneda?utm_source=ced&utm_content=listado,"BCP, BANBIF, Pichincha, Scotiabank","{'M_F': '9 am - 5:00 pm', 'Saturdays': '', 'Sundays': ''}",2024-10-03T22:57:21.129Z,3.715,0.0,3.738,0.0,08:29:10,04-10-2024
Dolarex,https://s3-ced-uploads-01.s3.amazonaws.com/1706407302313-dolarex.svg,https://dolarex.pe/?utm_source=ced,"BCP, BBVA, Interbank","{'M_F': '8 am - 6 pm', 'Saturdays': '8 am - 2 pm', 'Sundays': ''}",2024-09-13T03:59:37.933Z,3.72,0.015,3.745,0.0,08:29:10,04-10-2024
sr Cambio,https://s3-ced-uploads-01.s3.amazonaws.com/1703885507016-sr-cambio.png,https://srcambio.pe/?utm_source=ced&utm_medium=listado,BCP,"{'M_F': '9 am - 6pm', 'Saturdays': '9 am - 1pm', 'Sundays': ''}",2024-05-13T19:03:22.616Z,3.723,0.001,3.74,0.005,08:29:10,04-10-2024
Money House,https://s3-ced-uploads-01.s3.amazonaws.com/1706408745945-money_house.svg,https://www.moneyhouse.pe/?utm_source=ced,BCP e INTERBAK,"{'M_F': '8:30 am - 6 pm ', 'Saturdays': '9 am - 1 pm', 'Sundays': ''}",2024-09-13T04:01:20.192Z,3.723,-0.002,3.74,0.007,08:29:10,04-10-2024
cambiosol,https://s3-ced-uploads-01.s3.amazonaws.com/1703886518616-cambiosol.svg,https://cambiosol.pe/?utm_source=ced,BCP,"{'M_F': '9 am - 6 pm', 'Saturdays': '9 am a 1 pm', 'Sundays': ''}",2024-10-03T22:57:20.239Z,3.723,0.0,3.74,0.0,08:29:10,04-10-2024
DLS Money,https://s3-ced-uploads-01.s3.amazonaws.com/1703888213856-dlsmoney.svg,"https://dlsmoney.com/?utm_source=ced&utm
_medium=listado","BCP, Interbank","{'M_F': '9 am - 7 pm', 'Saturdays': '9 AM - 1pm', 'Sundays': ''}",2024-09-13T03:48:21.112Z,3.72,0.0,3.75,0.0,08:29:10,04-10-2024
Yanki,https://s3-ced-uploads-01.s3.amazonaws.com/1703886832755-yanki.svg,https://yanki.pe?utm_source=CED&utm_medium=paid&utm_campaign=diciembre,BCP,"{'M_F': '9 am - 7 pm', 'Saturdays': '9 am - 2 pm', 'Sundays': ''}",2024-09-13T03:58:44.072Z,3.715,0.0,3.745,0.0,08:29:10,04-10-2024
Instakash,https://s3-ced-uploads-01.s3.amazonaws.com/1720489567199-instakash_v2.svg,https://instakash.net/?utm_source=ced,"BCP, Interbank","{'M_F': '9 am - 7 pm', 'Saturdays': '9 am - 2 pm', 'Sundays': ''}",2024-09-13T03:57:54.370Z,3.713,0.002,3.745,0.0,08:29:10,04-10-2024
Tu Cambista,https://s3-ced-uploads-01.s3.amazonaws.com/1703885099701-tu-cambista.svg,https://tucambista.pe/ced?utm_source=ced&utm_medium=paid&utm_campaign=pricelist&pc=CED,"BCP, Interbank, Banbif","{'M_F': '8 am - 8 pm', 'Saturdays': '9 am - 3 pm', 'Sundays': ''}",2024-05-13T19:04:47.318Z,3.7215,0.0,3.7385,0.001,08:29:10,04-10-2024
inka money,https://s3-ced-uploads-01.s3.amazonaws.com/1703888162897-inkamoney.svg,https://inkamoney.com/?utm_source=ced&utm_medium=listado,"BCP, Interbank","{'M_F': '9 am - 6:30 pm', 'Saturdays': '9 am - 1 pm', 'Sundays': ''}",2024-09-13T03:48:04.753Z,3.716,0.0,3.738,0.004,08:29:10,04-10-2024
Hir Power,https://s3-ced-uploads-01.s3.amazonaws.com/1703887956636-hirpower.svg,https://hirpower.com/?utm_source=ced&utm_medium=listado,BCP,"{'M_F': '8 am - 8 pm', 'Saturdays': '8 am - 2 pm', 'Sundays': ''}",2024-09-13T03:48:13.833Z,3.72,0.0,3.75,0.006,08:29:10,04-10-2024
Roblex,https://s3-ced-uploads-01.s3.amazonaws.com/1703888186335-roblex.svg,https://roblex.pe/?utm_source=ced&utm_medium=listado,BCP,"{'M_F': '9 am - 6:30 pm', 'Saturdays': '9 am - 1:30 pm', 'Sundays': ''}",2024-09-13T03:48:28.472Z,3.714,-0.004,3.739,0.0,08:29:10,04-10-2024
vip capital,https://s3-ced-uploads-01.s3.amazonaws.com/1703888440358-vip-capital.png,https://vipcapital.com.pe/?utm_source=ced,"BCP, Scotiabank","{'M_F': '9 am - 6pm', 'Saturdays': '9 am - 1pm', 'Sundays': ''}",2024-09-13T03:59:25.011Z,3.722,0.0,3.74,0.0,08:29:10,04-10-2024
Cambio Mas,https://s3-ced-uploads-01.s3.amazonaws.com/1706410300024-cambio-mas-2.svg,https://cambiomas.com.pe/?utm_source=ced,"BCP, BBVA, Interbank","{'M_F': '8 am - 6 pm', 'Saturdays': '8 am - 6 pm', 'Sundays': ''}",2024-09-13T03:57:46.412Z,3.72,0.005,3.749,0.0,08:29:10,04-10-2024
Cambio Digital,https://s3-ced-uploads-01.s3.amazonaws.com/1721940518656-Cambio-digital.svg,https://cambiodigitalperu.com/,BCP,"{'M_F': '9am - 7pm', 'Saturdays': '9am - 1pm', 'Sundays': ''}",2024-09-27T15:21:15.300Z,3.725,-0.003,3.736,0.0,08:29:10,04-10-2024
Chaski Dolar,https://s3-ced-uploads-01.s3.amazonaws.com/1724079421732-chaski dolar-3.svg,https://chaskidolar.com/?utm_source=ced,"BCP, Interbank","{'M_F': '9 am - 6 pm', 'Saturdays': '9 am - 12:30 pm', 'Sundays': ''}",2024-08-19T20:45:17.940Z,3.718,0.006,3.762,0.014,08:29:10,04-10-2024
kambio.online,https://s3-ced-uploads-01.s3.amazonaws.com/1723251732620-Kambio-online.svg,https://kambio.online/,BCP,"{'M_F': '9 am - 6 pm', 'Saturdays': '9 am - 1 pm', 'Sundays': '9am - 1pm'}",2024-09-30T18:17:51.782Z,3.725,-0.003,3.735,-0.003,08:29:10,04-10-2024
Dollar House,https://s3-ced-uploads-01.s3.amazonaws.com/1702304946735-dollar-house-v2.svg,https://dollarhouse.pe/?utm_source=ced,"BCP, Interbak","{'M_F': '9 am - 7 pm.', 'Saturdays': '10 am - 1pm', 'Sundays': ''}",2024-10-03T22:57:19.817Z,3.725,0.0,3.735,0.0,08:42:17,04-10-2024
Rextie,https://s3-ced-uploads-01.s3.amazonaws.com/1700582494591-rextie.png,https://web.rextie.com/registrate?utm_source=cuanto-esta-el-dolar&utm_medium=hubspot&utm_campaign=cuanto-esta-el-dolar&utm_term=listado&utm_content= ,"BCP, Interbank, Pichincha, BANBIF","{'M_F': '8 am - 8 pm', 'Saturdays': '9 am - 3 pm', 'Sundays': ''}",2024-09-17T16:57:36.867Z,3.7135,0.0,3.7465,0.0,08:42:17,04-10-2024
CambiaFX,https://s3-ced-uploads-01.s3.amazonaws.com/1703001286669-cambiafx_v2.svg,https://cambiafx.pe/?utm_source=display&utm_medium=banner&utm_campaign=Cuanto_esta_el_Dolar&utm_content=boton_cambiar,"BCP, Interbank, Banbif, Yape, Plin, Otros Bancos Transf. Interbancaria","{'M_F': '9 am - 7pm', 'Saturdays': '10 am - 1 pm', 'Sundays': ''}",2024-09-17T22:57:19.785Z,3.717,0.0,3.739,0.003,08:42:17,04-10-2024
Cambio Mundial,https://s3-ced-uploads-01.s3.amazonaws.com/1706405397247-cambiomundial-2.svg,https://www.cambiomundial.com/?utm_source=ced,BCP,"{'M_F': '9 am - 6 pm', 'Saturdays': '9 am - 1:00 pm', 'Sundays': ''}",2024-09-17T19:10:55.609Z,3.726,0.0,3.754,-0.001,08:42:17,04-10-2024
Perú dolar,https://s3-ced-uploads-01.s3.amazonaws.com/1710258214508-perudolar.svg,https://perudolar.pe/?utm_source=ced&utm_medium=listado,BCP,"{'M_F': '9 am - 4 pm', 'Saturdays': '-', 'Sundays': ''}",2024-10-03T21:03:03.093Z,3.72,0.0,3.76,0.025,08:42:17,04-10-2024
Okane,https://s3-ced-uploads-01.s3.amazonaws.com/1703885579335-okane.svg,https://www.okanecambiodigital.com/?utm_source=ced,BCP,"{'M_F': '9 am - 6pm', 'Saturdays': '9 am - 2 pm', 'Sundays': ''}",2024-09-13T04:26:45.596Z,3.71,-0.01,3.76,0.021,08:42:17,04-10-2024
Dichikash,https://s3-ced-uploads-01.s3.amazonaws.com/1703885241775-dichikash.svg,https://dichikash.com/?utm_source=ced,"BCP, Interbank, BBVA","{'M_F': '9 am - 7 pm', 'Saturdays': '9 am - 7 pm', 'Sundays': '10 am- 1 pm'}",2024-09-13T03:58:55.512Z,3.725,0.001,3.742,0.002,08:42:17,04-10-2024
chapacambio,https://s3-ced-uploads-01.s3.amazonaws.com/1703885660214-chapa-cambio.svg,https://chapacambio.com/?c=CHAPACUANTO,"BCP, BanBif, Interbank, BBVA, Scotiabank","{'M_F': '8:30 am - 6 pm', 'Saturdays': '8:30 am - 1 pm', 'Sundays': ''}",2024-09-13T03:58:28.951Z,3.719,0.0,3.737,0.003,08:42:17,04-10-2024
Western Union,https://s3-ced-uploads-01.s3.amazonaws.com/1703611552019-western-union.svg,https://westernunionperu.pe/cambiodemoneda?utm_source=ced&utm_content=listado,"BCP, BANBIF, Pichincha, Scotiabank","{'M_F': '9 am - 5:00 pm', 'Saturdays': '', 'Sundays': ''}",2024-10-03T22:57:21.129Z,3.715,0.0,3.738,0.0,08:42:17,04-10-2024
Dolarex,https://s3-ced-uploads-01.s3.amazonaws.com/1706407302313-dolarex.svg,https://dolarex.pe/?utm_source=ced,"BCP, BBVA, Interbank","{'M_F': '8 am - 6 pm', 'Saturdays': '8 am - 2 pm', 'Sundays': ''}",2024-09-13T03:59:37.933Z,3.72,0.015,3.745,0.0,08:42:17,04-10-2024
sr Cambio,https://s3-ced-uploads-01.s3.amazonaws.com/1703885507016-sr-cambio.png,https://srcambio.pe/?utm_source=ced&utm_medium=listado,BCP,"{'M_F': '9 am - 6pm', 'Saturdays': '9 am - 1pm', 'Sundays': ''}",2024-05-13T19:03:22.616Z,3.723,0.001,3.74,0.005,08:42:17,04-10-2024
Money House,https://s3-ced-uploads-01.s3.amazonaws.com/1706408745945-money_house.svg,https://www.moneyhouse.pe/?utm_source=ced,BCP e INTERBAK,"{'M_F': '8:30 am - 6 pm ', 'Saturdays': '9 am - 1 pm', 'Sundays': ''}",2024-09-13T04:01:20.192Z,3.723,-0.002,3.74,0.007,08:42:17,04-10-2024
cambiosol,https://s3-ced-uploads-01.s3.amazonaws.com/1703886518616-cambiosol.svg,https://cambiosol.pe/?utm_source=ced,BCP,"{'M_F': '9 am - 6 pm', 'Saturdays': '9 am a 1 pm', 'Sundays': ''}",2024-10-03T22:57:20.239Z,3.723,0.0,3.74,0.0,08:42:17,04-10-2024
DLS Money,https://s3-ced-uploads-01.s3.amazonaws.com/1703888213856-dlsmoney.svg,"https://dlsmoney.com/?utm_source=ced&utm
_medium=listado","BCP, Interbank","{'M_F': '9 am - 7 pm', 'Saturdays': '9 AM - 1pm', 'Sundays': ''}",2024-09-13T03:48:21.112Z,3.72,0.0,3.75,0.0,08:42:17,04-10-2024
Yanki,https://s3-ced-uploads-01.s3.amazonaws.com/1703886832755-yanki.svg,https://yanki.pe?utm_source=CED&utm_medium=paid&utm_campaign=diciembre,BCP,"{'M_F': '9 am - 7 pm', 'Saturdays': '9 am - 2 pm', 'Sundays': ''}",2024-09-13T03:58:44.072Z,3.715,0.0,3.745,0.0,08:42:17,04-10-2024
Instakash,https://s3-ced-uploads-01.s3.amazonaws.com/1720489567199-instakash_v2.svg,https://instakash.net/?utm_source=ced,"BCP, Interbank","{'M_F': '9 am - 7 pm', 'Saturdays': '9 am - 2 pm', 'Sundays': ''}",2024-09-13T03:57:54.370Z,3.713,0.002,3.745,0.0,08:42:17,04-10-2024
Tu Cambista,https://s3-ced-uploads-01.s3.amazonaws.com/1703885099701-tu-cambista.svg,https://tucambista.pe/ced?utm_source=ced&utm_medium=paid&utm_campaign=pricelist&pc=CED,"BCP, Interbank, Banbif","{'M_F': '8 am - 8 pm', 'Saturdays': '9 am - 3 pm', 'Sundays': ''}",2024-05-13T19:04:47.318Z,3.7215,0.0,3.7385,0.001,08:42:17,04-10-2024
inka money,https://s3-ced-uploads-01.s3.amazonaws.com/1703888162897-inkamoney.svg,https://inkamoney.com/?utm_source=ced&utm_medium=listado,"BCP, Interbank","{'M_F': '9 am - 6:30 pm', 'Saturdays': '9 am - 1 pm', 'Sundays': ''}",2024-09-13T03:48:04.753Z,3.716,0.0,3.738,0.004,08:42:17,04-10-2024
Hir Power,https://s3-ced-uploads-01.s3.amazonaws.com/1703887956636-hirpower.svg,https://hirpower.com/?utm_source=ced&utm_medium=listado,BCP,"{'M_F': '8 am - 8 pm', 'Saturdays': '8 am - 2 pm', 'Sundays': ''}",2024-09-13T03:48:13.833Z,3.72,0.0,3.75,0.006,08:42:17,04-10-2024
Roblex,https://s3-ced-uploads-01.s3.amazonaws.com/1703888186335-roblex.svg,https://roblex.pe/?utm_source=ced&utm_medium=listado,BCP,"{'M_F': '9 am - 6:30 pm', 'Saturdays': '9 am - 1:30 pm', 'Sundays': ''}",2024-09-13T03:48:28.472Z,3.714,-0.004,3.739,0.0,08:42:17,04-10-2024
vip capital,https://s3-ced-uploads-01.s3.amazonaws.com/1703888440358-vip-capital.png,https://vipcapital.com.pe/?utm_source=ced,"BCP, Scotiabank","{'M_F': '9 am - 6pm', 'Saturdays': '9 am - 1pm', 'Sundays': ''}",2024-09-13T03:59:25.011Z,3.722,0.0,3.74,0.0,08:42:17,04-10-2024
Cambio Mas,https://s3-ced-uploads-01.s3.amazonaws.com/1706410300024-cambio-mas-2.svg,https://cambiomas.com.pe/?utm_source=ced,"BCP, BBVA, Interbank","{'M_F': '8 am - 6 pm', 'Saturdays': '8 am - 6 pm', 'Sundays': ''}",2024-09-13T03:57:46.412Z,3.72,0.005,3.749,0.0,08:42:17,04-10-2024
Cambio Digital,https://s3-ced-uploads-01.s3.amazonaws.com/1721940518656-Cambio-digital.svg,https://cambiodigitalperu.com/,BCP,"{'M_F': '9am - 7pm', 'Saturdays': '9am - 1pm', 'Sundays': ''}",2024-09-27T15:21:15.300Z,3.725,-0.003,3.736,0.0,08:42:17,04-10-2024
Chaski Dolar,https://s3-ced-uploads-01.s3.amazonaws.com/1724079421732-chaski dolar-3.svg,https://chaskidolar.com/?utm_source=ced,"BCP, Interbank","{'M_F': '9 am - 6 pm', 'Saturdays': '9 am - 12:30 pm', 'Sundays': ''}",2024-08-19T20:45:17.940Z,3.718,0.006,3.762,0.014,08:42:17,04-10-2024
kambio.online,https://s3-ced-uploads-01.s3.amazonaws.com/1723251732620-Kambio-online.svg,https://kambio.online/,BCP,"{'M_F': '9 am - 6 pm', 'Saturdays': '9 am - 1 pm', 'Sundays': '9am - 1pm'}",2024-09-30T18:17:51.782Z,3.725,-0.003,3.735,-0.003,08:42:17,04-10-2024
Dollar House,https://s3-ced-uploads-01.s3.amazonaws.com/1702304946735-dollar-house-v2.svg,https://dollarhouse.pe/?utm_source=ced,"BCP, Interbak","{'M_F': '9 am - 7 pm.', 'Saturdays': '10 am - 1pm', 'Sundays': ''}",2024-10-04T14:21:19.884Z,3.725,0.0,3.735,0.0,09:23:52,04-10-2024
Rextie,https://s3-ced-uploads-01.s3.amazonaws.com/1700582494591-rextie.png,https://web.rextie.com/registrate?utm_source=cuanto-esta-el-dolar&utm_medium=hubspot&utm_campaign=cuanto-esta-el-dolar&utm_term=listado&utm_content= ,"BCP, Interbank, Pichincha, BANBIF","{'M_F': '8 am - 8 pm', 'Saturdays': '9 am - 3 pm', 'Sundays': ''}",2024-09-17T16:57:36.867Z,3.7155,-0.001,3.7455,-0.001,09:23:52,04-10-2024
CambiaFX,https://s3-ced-uploads-01.s3.amazonaws.com/1703001286669-cambiafx_v2.svg,https://cambiafx.pe/?utm_source=display&utm_medium=banner&utm_campaign=Cuanto_esta_el_Dolar&utm_content=boton_cambiar,"BCP, Interbank, Banbif, Yape, Plin, Otros Bancos Transf. Interbancaria","{'M_F': '9 am - 7pm', 'Saturdays': '10 am - 1 pm', 'Sundays': ''}",2024-09-17T22:57:19.785Z,3.726,-0.001,3.74,-0.001,09:23:52,04-10-2024
Cambio Mundial,https://s3-ced-uploads-01.s3.amazonaws.com/1706405397247-cambiomundial-2.svg,https://www.cambiomundial.com/?utm_source=ced,BCP,"{'M_F': '9 am - 6 pm', 'Saturdays': '9 am - 1:00 pm', 'Sundays': ''}",2024-09-17T19:10:55.609Z,3.729,-0.001,3.733,-0.002,09:23:52,04-10-2024
Perú dolar,https://s3-ced-uploads-01.s3.amazonaws.com/1710258214508-perudolar.svg,https://perudolar.pe/?utm_source=ced&utm_medium=listado,BCP,"{'M_F': '9 am - 4 pm', 'Saturdays': '-', 'Sundays': ''}",2024-10-03T21:03:03.093Z,3.72,0.0,3.76,0.025,09:23:52,04-10-2024
Okane,https://s3-ced-uploads-01.s3.amazonaws.com/1703885579335-okane.svg,https://www.okanecambiodigital.com/?utm_source=ced,BCP,"{'M_F': '9 am - 6pm', 'Saturdays': '9 am - 2 pm', 'Sundays': ''}",2024-09-13T04:26:45.596Z,3.72,0.0,3.745,0.0,09:23:52,04-10-2024
Dichikash,https://s3-ced-uploads-01.s3.amazonaws.com/1703885241775-dichikash.svg,https://dichikash.com/?utm_source=ced,"BCP, Interbank, BBVA","{'M_F': '9 am - 7 pm', 'Saturdays': '9 am - 7 pm', 'Sundays': '10 am- 1 pm'}",2024-09-13T03:58:55.512Z,3.725,-0.003,3.732,-0.005,09:23:52,04-10-2024
chapacambio,https://s3-ced-uploads-01.s3.amazonaws.com/1703885660214-chapa-cambio.svg,https://chapacambio.com/?c=CHAPACUANTO,"BCP, BanBif, Interbank, BBVA, Scotiabank","{'M_F': '8:30 am - 6 pm', 'Saturdays': '8:30 am - 1 pm', 'Sundays': ''}",2024-09-13T03:58:28.951Z,3.726,-0.001,3.738,-0.001,09:23:52,04-10-2024
Western Union,https://s3-ced-uploads-01.s3.amazonaws.com/1703611552019-western-union.svg,https://westernunionperu.pe/cambiodemoneda?utm_source=ced&utm_content=listado,"BCP, BANBIF, Pichincha, Scotiabank","{'M_F': '9 am - 5:00 pm', 'Saturdays': '', 'Sundays': ''}",2024-10-04T14:21:20.284Z,3.719,0.0,3.742,0.0,09:23:52,04-10-2024
Dolarex,https://s3-ced-uploads-01.s3.amazonaws.com/1706407302313-dolarex.svg,https://dolarex.pe/?utm_source=ced,"BCP, BBVA, Interbank","{'M_F': '8 am - 6 pm', 'Saturdays': '8 am - 2 pm', 'Sundays': ''}",2024-09-13T03:59:37.933Z,3.728,0.008,3.737,-0.008,09:23:52,04-10-2024
sr Cambio,https://s3-ced-uploads-01.s3.amazonaws.com/1703885507016-sr-cambio.png,https://srcambio.pe/?utm_source=ced&utm_medium=listado,BCP,"{'M_F': '9 am - 6pm', 'Saturdays': '9 am - 1pm', 'Sundays': ''}",2024-05-13T19:03:22.616Z,3.72,-0.003,3.755,0.015,09:23:52,04-10-2024
Money House,https://s3-ced-uploads-01.s3.amazonaws.com/1706408745945-money_house.svg,https://www.moneyhouse.pe/?utm_source=ced,BCP e INTERBAK,"{'M_F': '8:30 am - 6 pm ', 'Saturdays': '9 am - 1 pm', 'Sundays': ''}",2024-09-13T04:01:20.192Z,3.729,0.001,3.734,0.0,09:23:52,04-10-2024
cambiosol,https://s3-ced-uploads-01.s3.amazonaws.com/1703886518616-cambiosol.svg,https://cambiosol.pe/?utm_source=ced,BCP,"{'M_F': '9 am - 6 pm', 'Saturdays': '9 am a 1 pm', 'Sundays': ''}",2024-10-04T14:21:20.467Z,3.725,0.0,3.742,0.0,09:23:52,04-10-2024
DLS Money,https://s3-ced-uploads-01.s3.amazonaws.com/1703888213856-dlsmoney.svg,"https://dlsmoney.com/?utm_source=ced&utm
_medium=listado","BCP, Interbank","{'M_F': '9 am - 7 pm', 'Saturdays': '9 AM - 1pm', 'Sundays': ''}",2024-09-13T03:48:21.112Z,3.728,0.0,3.74,0.0,09:23:52,04-10-2024
Yanki,https://s3-ced-uploads-01.s3.amazonaws.com/1703886832755-yanki.svg,https://yanki.pe?utm_source=CED&utm_medium=paid&utm_campaign=diciembre,BCP,"{'M_F': '9 am - 7 pm', 'Saturdays': '9 am - 2 pm', 'Sundays': ''}",2024-09-13T03:58:44.072Z,3.722,0.0,3.742,0.0,09:23:52,04-10-2024
Instakash,https://s3-ced-uploads-01.s3.amazonaws.com/1720489567199-instakash_v2.svg,https://instakash.net/?utm_source=ced,"BCP, Interbank","{'M_F': '9 am - 7 pm', 'Saturdays': '9 am - 2 pm', 'Sundays': ''}",2024-09-13T03:57:54.370Z,3.717,0.004,3.747,0.0,09:23:52,04-10-2024
Tu Cambista,https://s3-ced-uploads-01.s3.amazonaws.com/1703885099701-tu-cambista.svg,https://tucambista.pe/ced?utm_source=ced&utm_medium=paid&utm_campaign=pricelist&pc=CED,"BCP, Interbank, Banbif","{'M_F': '8 am - 8 pm', 'Saturdays': '9 am - 3 pm', 'Sundays': ''}",2024-05-13T19:04:47.318Z,3.7235,-0.001,3.7405,-0.001,09:23:52,04-10-2024
inka money,https://s3-ced-uploads-01.s3.amazonaws.com/1703888162897-inkamoney.svg,https://inkamoney.com/?utm_source=ced&utm_medium=listado,"BCP, Interbank","{'M_F': '9 am - 6:30 pm', 'Saturdays': '9 am - 1 pm', 'Sundays': ''}",2024-09-13T03:48:04.753Z,3.716,0.0,3.738,0.004,09:23:52,04-10-2024
Hir Power,https://s3-ced-uploads-01.s3.amazonaws.com/1703887956636-hirpower.svg,https://hirpower.com/?utm_source=ced&utm_medium=listado,BCP,"{'M_F': '8 am - 8 pm', 'Saturdays': '8 am - 2 pm', 'Sundays': ''}",2024-09-13T03:48:13.833Z,3.72,0.0,3.74,-0.01,09:23:52,04-10-2024
Roblex,https://s3-ced-uploads-01.s3.amazonaws.com/1703888186335-roblex.svg,https://roblex.pe/?utm_source=ced&utm_medium=listado,BCP,"{'M_F': '9 am - 6:30 pm', 'Saturdays': '9 am - 1:30 pm', 'Sundays': ''}",2024-09-13T03:48:28.472Z,3.726,-0.001,3.738,0.0,09:23:52,04-10-2024
vip capital,https://s3-ced-uploads-01.s3.amazonaws.com/1703888440358-vip-capital.png,https://vipcapital.com.pe/?utm_source=ced,"BCP, Scotiabank","{'M_F': '9 am - 6pm', 'Saturdays': '9 am - 1pm', 'Sundays': ''}",2024-09-13T03:59:25.011Z,3.726,0.0,3.745,0.0,09:23:52,04-10-2024
Cambio Mas,https://s3-ced-uploads-01.s3.amazonaws.com/1706410300024-cambio-mas-2.svg,https://cambiomas.com.pe/?utm_source=ced,"BCP, BBVA, Interbank","{'M_F': '8 am - 6 pm', 'Saturdays': '8 am - 6 pm', 'Sundays': ''}",2024-09-13T03:57:46.412Z,3.72,0.005,3.749,0.0,09:23:52,04-10-2024
Cambio Digital,https://s3-ced-uploads-01.s3.amazonaws.com/1721940518656-Cambio-digital.svg,https://cambiodigitalperu.com/,BCP,"{'M_F': '9am - 7pm', 'Saturdays': '9am - 1pm', 'Sundays': ''}",2024-09-27T15:21:15.300Z,3.727,-0.002,3.737,0.0,09:23:52,04-10-2024
Chaski Dolar,https://s3-ced-uploads-01.s3.amazonaws.com/1724079421732-chaski dolar-3.svg,https://chaskidolar.com/?utm_source=ced,"BCP, Interbank","{'M_F': '9 am - 6 pm', 'Saturdays': '9 am - 12:30 pm', 'Sundays': ''}",2024-08-19T20:45:17.940Z,3.721,-0.001,3.741,-0.021,09:23:52,04-10-2024
kambio.online,https://s3-ced-uploads-01.s3.amazonaws.com/1723251732620-Kambio-online.svg,https://kambio.online/,BCP,"{'M_F': '9 am - 6 pm', 'Saturdays': '9 am - 1 pm', 'Sundays': '9am - 1pm'}",2024-09-30T18:17:51.782Z,3.731,0.002,3.741,0.002,09:23:52,04-10-2024
Dollar House,https://s3-ced-uploads-01.s3.amazonaws.com/1702304946735-dollar-house-v2.svg,https://dollarhouse.pe/?utm_source=ced,"BCP, Interbak","{'M_F': '9 am - 7 pm.', 'Saturdays': '10 am - 1pm', 'Sundays': ''}",2024-10-04T14:39:20.015Z,3.726,0.0,3.736,0.0,09:41:40,04-10-2024
Rextie,https://s3-ced-uploads-01.s3.amazonaws.com/1700582494591-rextie.png,https://web.rextie.com/registrate?utm_source=cuanto-esta-el-dolar&utm_medium=hubspot&utm_campaign=cuanto-esta-el-dolar&utm_term=listado&utm_content= ,"BCP, Interbank, Pichincha, BANBIF","{'M_F': '8 am - 8 pm', 'Saturdays': '9 am - 3 pm', 'Sundays': ''}",2024-09-17T16:57:36.867Z,3.716,0.0,3.744,0.0,09:41:40,04-10-2024
CambiaFX,https://s3-ced-uploads-01.s3.amazonaws.com/1703001286669-cambiafx_v2.svg,https://cambiafx.pe/?utm_source=display&utm_medium=banner&utm_campaign=Cuanto_esta_el_Dolar&utm_content=boton_cambiar,"BCP, Interbank, Banbif, Yape, Plin, Otros Bancos Transf. Interbancaria","{'M_F': '9 am - 7pm', 'Saturdays': '10 am - 1 pm', 'Sundays': ''}",2024-09-17T22:57:19.785Z,3.724,0.0,3.739,0.001,09:41:40,04-10-2024
Cambio Mundial,https://s3-ced-uploads-01.s3.amazonaws.com/1706405397247-cambiomundial-2.svg,https://www.cambiomundial.com/?utm_source=ced,BCP,"{'M_F': '9 am - 6 pm', 'Saturdays': '9 am - 1:00 pm', 'Sundays': ''}",2024-09-17T19:10:55.609Z,3.73,0.001,3.735,0.002,09:41:40,04-10-2024
Perú dolar,https://s3-ced-uploads-01.s3.amazonaws.com/1710258214508-perudolar.svg,https://perudolar.pe/?utm_source=ced&utm_medium=listado,BCP,"{'M_F': '9 am - 4 pm', 'Saturdays': '-', 'Sundays': ''}",2024-10-03T21:03:03.093Z,3.72,0.0,3.76,0.025,09:41:40,04-10-2024
Okane,https://s3-ced-uploads-01.s3.amazonaws.com/1703885579335-okane.svg,https://www.okanecambiodigital.com/?utm_source=ced,BCP,"{'M_F': '9 am - 6pm', 'Saturdays': '9 am - 2 pm', 'Sundays': ''}",2024-09-13T04:26:45.596Z,3.72,0.0,3.745,0.0,09:41:40,04-10-2024
Dichikash,https://s3-ced-uploads-01.s3.amazonaws.com/1703885241775-dichikash.svg,https://dichikash.com/?utm_source=ced,"BCP, Interbank, BBVA","{'M_F': '9 am - 7 pm', 'Saturdays': '9 am - 7 pm', 'Sundays': '10 am- 1 pm'}",2024-09-13T03:58:55.512Z,3.726,0.001,3.733,0.001,09:41:40,04-10-2024
chapacambio,https://s3-ced-uploads-01.s3.amazonaws.com/1703885660214-chapa-cambio.svg,https://chapacambio.com/?c=CHAPACUANTO,"BCP, BanBif, Interbank, BBVA, Scotiabank","{'M_F': '8:30 am - 6 pm', 'Saturdays': '8:30 am - 1 pm', 'Sundays': ''}",2024-09-13T03:58:28.951Z,3.725,-0.001,3.737,-0.001,09:41:40,04-10-2024
Western Union,https://s3-ced-uploads-01.s3.amazonaws.com/1703611552019-western-union.svg,https://westernunionperu.pe/cambiodemoneda?utm_source=ced&utm_content=listado,"BCP, BANBIF, Pichincha, Scotiabank","{'M_F': '9 am - 5:00 pm', 'Saturdays': '', 'Sundays': ''}",2024-10-04T14:39:20.419Z,3.719,0.0,3.742,0.0,09:41:40,04-10-2024
Dolarex,https://s3-ced-uploads-01.s3.amazonaws.com/1706407302313-dolarex.svg,https://dolarex.pe/?utm_source=ced,"BCP, BBVA, Interbank","{'M_F': '8 am - 6 pm', 'Saturdays': '8 am - 2 pm', 'Sundays': ''}",2024-09-13T03:59:37.933Z,3.71,-0.016,3.75,0.013,09:41:40,04-10-2024
sr Cambio,https://s3-ced-uploads-01.s3.amazonaws.com/1703885507016-sr-cambio.png,https://srcambio.pe/?utm_source=ced&utm_medium=listado,BCP,"{'M_F': '9 am - 6pm', 'Saturdays': '9 am - 1pm', 'Sundays': ''}",2024-05-13T19:03:22.616Z,3.72,0.0,3.737,-0.018,09:41:40,04-10-2024
Money House,https://s3-ced-uploads-01.s3.amazonaws.com/1706408745945-money_house.svg,https://www.moneyhouse.pe/?utm_source=ced,BCP e INTERBAK,"{'M_F': '8:30 am - 6 pm ', 'Saturdays': '9 am - 1 pm', 'Sundays': ''}",2024-09-13T04:01:20.192Z,3.727,0.0,3.733,-0.001,09:41:40,04-10-2024
cambiosol,https://s3-ced-uploads-01.s3.amazonaws.com/1703886518616-cambiosol.svg,https://cambiosol.pe/?utm_source=ced,BCP,"{'M_F': '9 am - 6 pm', 'Saturdays': '9 am a 1 pm', 'Sundays': ''}",2024-10-04T14:39:20.413Z,3.725,0.0,3.74,0.0,09:41:40,04-10-2024
DLS Money,https://s3-ced-uploads-01.s3.amazonaws.com/1703888213856-dlsmoney.svg,"https://dlsmoney.com/?utm_source=ced&utm
_medium=listado","BCP, Interbank","{'M_F': '9 am - 7 pm', 'Saturdays': '9 AM - 1pm', 'Sundays': ''}",2024-09-13T03:48:21.112Z,3.728,0.0,3.738,0.0,09:41:40,04-10-2024
Yanki,https://s3-ced-uploads-01.s3.amazonaws.com/1703886832755-yanki.svg,https://yanki.pe?utm_source=CED&utm_medium=paid&utm_campaign=diciembre,BCP,"{'M_F': '9 am - 7 pm', 'Saturdays': '9 am - 2 pm', 'Sundays': ''}",2024-09-13T03:58:44.072Z,3.722,0.0,3.742,0.0,09:41:40,04-10-2024
Instakash,https://s3-ced-uploads-01.s3.amazonaws.com/1720489567199-instakash_v2.svg,https://instakash.net/?utm_source=ced,"BCP, Interbank","{'M_F': '9 am - 7 pm', 'Saturdays': '9 am - 2 pm', 'Sundays': ''}",2024-09-13T03:57:54.370Z,3.717,0.0,3.746,-0.001,09:41:40,04-10-2024
Tu Cambista,https://s3-ced-uploads-01.s3.amazonaws.com/1703885099701-tu-cambista.svg,https://tucambista.pe/ced?utm_source=ced&utm_medium=paid&utm_campaign=pricelist&pc=CED,"BCP, Interbank, Banbif","{'M_F': '8 am - 8 pm', 'Saturdays': '9 am - 3 pm', 'Sundays': ''}",2024-05-13T19:04:47.318Z,3.724,0.001,3.74,0.001,09:41:40,04-10-2024
inka money,https://s3-ced-uploads-01.s3.amazonaws.com/1703888162897-inkamoney.svg,https://inkamoney.com/?utm_source=ced&utm_medium=listado,"BCP, Interbank","{'M_F': '9 am - 6:30 pm', 'Saturdays': '9 am - 1 pm', 'Sundays': ''}",2024-09-13T03:48:04.753Z,3.71,0.0,3.732,0.001,09:41:40,04-10-2024
Hir Power,https://s3-ced-uploads-01.s3.amazonaws.com/1703887956636-hirpower.svg,https://hirpower.com/?utm_source=ced&utm_medium=listado,BCP,"{'M_F': '8 am - 8 pm', 'Saturdays': '8 am - 2 pm', 'Sundays': ''}",2024-09-13T03:48:13.833Z,3.72,0.0,3.74,-0.01,09:41:40,04-10-2024
Roblex,https://s3-ced-uploads-01.s3.amazonaws.com/1703888186335-roblex.svg,https://roblex.pe/?utm_source=ced&utm_medium=listado,BCP,"{'M_F': '9 am - 6:30 pm', 'Saturdays': '9 am - 1:30 pm', 'Sundays': ''}",2024-09-13T03:48:28.472Z,3.724,-0.001,3.736,-0.001,09:41:40,04-10-2024
vip capital,https://s3-ced-uploads-01.s3.amazonaws.com/1703888440358-vip-capital.png,https://vipcapital.com.pe/?utm_source=ced,"BCP, Scotiabank","{'M_F': '9 am - 6pm', 'Saturdays': '9 am - 1pm', 'Sundays': ''}",2024-09-13T03:59:25.011Z,3.725,0.0,3.745,0.0,09:41:40,04-10-2024
Cambio Mas,https://s3-ced-uploads-01.s3.amazonaws.com/1706410300024-cambio-mas-2.svg,https://cambiomas.com.pe/?utm_source=ced,"BCP, BBVA, Interbank","{'M_F': '8 am - 6 pm', 'Saturdays': '8 am - 6 pm', 'Sundays': ''}",2024-09-13T03:57:46.412Z,3.725,0.005,3.745,-0.004,09:41:40,04-10-2024
Cambio Digital,https://s3-ced-uploads-01.s3.amazonaws.com/1721940518656-Cambio-digital.svg,https://cambiodigitalperu.com/,BCP,"{'M_F': '9am - 7pm', 'Saturdays': '9am - 1pm', 'Sundays': ''}",2024-09-27T15:21:15.300Z,3.727,0.0,3.736,0.0,09:41:40,04-10-2024
Chaski Dolar,https://s3-ced-uploads-01.s3.amazonaws.com/1724079421732-chaski dolar-3.svg,https://chaskidolar.com/?utm_source=ced,"BCP, Interbank","{'M_F': '9 am - 6 pm', 'Saturdays': '9 am - 12:30 pm', 'Sundays': ''}",2024-08-19T20:45:17.940Z,3.722,0.001,3.743,0.002,09:41:40,04-10-2024
kambio.online,https://s3-ced-uploads-01.s3.amazonaws.com/1723251732620-Kambio-online.svg,https://kambio.online/,BCP,"{'M_F': '9 am - 6 pm', 'Saturdays': '9 am - 1 pm', 'Sundays': '9am - 1pm'}",2024-09-30T18:17:51.782Z,3.729,-0.002,3.739,-0.002,09:41:40,04-10-2024
Dollar House,https://s3-ced-uploads-01.s3.amazonaws.com/1702304946735-dollar-house-v2.svg,https://dollarhouse.pe/?utm_source=ced,"BCP, Interbak","{'M_F': '9 am - 7 pm.', 'Saturdays': '10 am - 1pm', 'Sundays': ''}",2024-10-04T15:24:19.829Z,3.724,-0.002,3.732,-0.002,10:25:23,04-10-2024
Rextie,https://s3-ced-uploads-01.s3.amazonaws.com/1700582494591-rextie.png,https://web.rextie.com/registrate?utm_source=cuanto-esta-el-dolar&utm_medium=hubspot&utm_campaign=cuanto-esta-el-dolar&utm_term=listado&utm_content= ,"BCP, Interbank, Pichincha, BANBIF","{'M_F': '8 am - 8 pm', 'Saturdays': '9 am - 3 pm', 'Sundays': ''}",2024-09-17T16:57:36.867Z,3.7145,0.0,3.7425,0.0,10:25:23,04-10-2024
CambiaFX,https://s3-ced-uploads-01.s3.amazonaws.com/1703001286669-cambiafx_v2.svg,https://cambiafx.pe/?utm_source=display&utm_medium=banner&utm_campaign=Cuanto_esta_el_Dolar&utm_content=boton_cambiar,"BCP, Interbank, Banbif, Yape, Plin, Otros Bancos Transf. Interbancaria","{'M_F': '9 am - 7pm', 'Saturdays': '10 am - 1 pm', 'Sundays': ''}",2024-09-17T22:57:19.785Z,3.723,0.0,3.737,-0.001,10:25:23,04-10-2024
Cambio Mundial,https://s3-ced-uploads-01.s3.amazonaws.com/1706405397247-cambiomundial-2.svg,https://www.cambiomundial.com/?utm_source=ced,BCP,"{'M_F': '9 am - 6 pm', 'Saturdays': '9 am - 1:00 pm', 'Sundays': ''}",2024-09-17T19:10:55.609Z,3.727,0.001,3.731,0.001,10:25:23,04-10-2024
Perú dolar,https://s3-ced-uploads-01.s3.amazonaws.com/1710258214508-perudolar.svg,https://perudolar.pe/?utm_source=ced&utm_medium=listado,BCP,"{'M_F': '9 am - 4 pm', 'Saturdays': '-', 'Sundays': ''}",2024-10-03T21:03:03.093Z,3.72,0.0,3.76,0.025,10:25:23,04-10-2024
Okane,https://s3-ced-uploads-01.s3.amazonaws.com/1703885579335-okane.svg,https://www.okanecambiodigital.com/?utm_source=ced,BCP,"{'M_F': '9 am - 6pm', 'Saturdays': '9 am - 2 pm', 'Sundays': ''}",2024-09-13T04:26:45.596Z,3.725,0.001,3.739,0.0,10:25:23,04-10-2024
Dichikash,https://s3-ced-uploads-01.s3.amazonaws.com/1703885241775-dichikash.svg,https://dichikash.com/?utm_source=ced,"BCP, Interbank, BBVA","{'M_F': '9 am - 7 pm', 'Saturdays': '9 am - 7 pm', 'Sundays': '10 am- 1 pm'}",2024-09-13T03:58:55.512Z,3.724,-0.001,3.731,-0.002,10:25:23,04-10-2024
chapacambio,https://s3-ced-uploads-01.s3.amazonaws.com/1703885660214-chapa-cambio.svg,https://chapacambio.com/?c=CHAPACUANTO,"BCP, BanBif, Interbank, BBVA, Scotiabank","{'M_F': '8:30 am - 6 pm', 'Saturdays': '8:30 am - 1 pm', 'Sundays': ''}",2024-09-13T03:58:28.951Z,3.723,-0.001,3.735,-0.001,10:25:23,04-10-2024
Western Union,https://s3-ced-uploads-01.s3.amazonaws.com/1703611552019-western-union.svg,https://westernunionperu.pe/cambiodemoneda?utm_source=ced&utm_content=listado,"BCP, BANBIF, Pichincha, Scotiabank","{'M_F': '9 am - 5:00 pm', 'Saturdays': '', 'Sundays': ''}",2024-10-04T15:24:20.182Z,3.717,0.0,3.741,0.0,10:25:23,04-10-2024
Dolarex,https://s3-ced-uploads-01.s3.amazonaws.com/1706407302313-dolarex.svg,https://dolarex.pe/?utm_source=ced,"BCP, BBVA, Interbank","{'M_F': '8 am - 6 pm', 'Saturdays': '8 am - 2 pm', 'Sundays': ''}",2024-09-13T03:59:37.933Z,3.71,-0.016,3.75,0.013,10:25:23,04-10-2024
sr Cambio,https://s3-ced-uploads-01.s3.amazonaws.com/1703885507016-sr-cambio.png,https://srcambio.pe/?utm_source=ced&utm_medium=listado,BCP,"{'M_F': '9 am - 6pm', 'Saturdays': '9 am - 1pm', 'Sundays': ''}",2024-05-13T19:03:22.616Z,3.72,0.003,3.735,0.001,10:25:23,04-10-2024
Money House,https://s3-ced-uploads-01.s3.amazonaws.com/1706408745945-money_house.svg,https://www.moneyhouse.pe/?utm_source=ced,BCP e INTERBAK,"{'M_F': '8:30 am - 6 pm ', 'Saturdays': '9 am - 1 pm', 'Sundays': ''}",2024-09-13T04:01:20.192Z,3.728,0.001,3.732,0.0,10:25:23,04-10-2024
cambiosol,https://s3-ced-uploads-01.s3.amazonaws.com/1703886518616-cambiosol.svg,https://cambiosol.pe/?utm_source=ced,BCP,"{'M_F': '9 am - 6 pm', 'Saturdays': '9 am a 1 pm', 'Sundays': ''}",2024-10-04T15:24:20.334Z,3.725,0.0,3.738,0.0,10:25:23,04-10-2024
DLS Money,https://s3-ced-uploads-01.s3.amazonaws.com/1703888213856-dlsmoney.svg,"https://dlsmoney.com/?utm_source=ced&utm
_medium=listado","BCP, Interbank","{'M_F': '9 am - 7 pm', 'Saturdays': '9 AM - 1pm', 'Sundays': ''}",2024-09-13T03:48:21.112Z,3.727,-0.001,3.736,0.0,10:25:23,04-10-2024
Yanki,https://s3-ced-uploads-01.s3.amazonaws.com/1703886832755-yanki.svg,https://yanki.pe?utm_source=CED&utm_medium=paid&utm_campaign=diciembre,BCP,"{'M_F': '9 am - 7 pm', 'Saturdays': '9 am - 2 pm', 'Sundays': ''}",2024-09-13T03:58:44.072Z,3.722,0.0,3.74,0.0,10:25:23,04-10-2024
Instakash,https://s3-ced-uploads-01.s3.amazonaws.com/1720489567199-instakash_v2.svg,https://instakash.net/?utm_source=ced,"BCP, Interbank","{'M_F': '9 am - 7 pm', 'Saturdays': '9 am - 2 pm', 'Sundays': ''}",2024-09-13T03:57:54.370Z,3.717,0.003,3.744,0.002,10:25:23,04-10-2024
Tu Cambista,https://s3-ced-uploads-01.s3.amazonaws.com/1703885099701-tu-cambista.svg,https://tucambista.pe/ced?utm_source=ced&utm_medium=paid&utm_campaign=pricelist&pc=CED,"BCP, Interbank, Banbif","{'M_F': '8 am - 8 pm', 'Saturdays': '9 am - 3 pm', 'Sundays': ''}",2024-05-13T19:04:47.318Z,3.7225,0.001,3.7385,0.001,10:25:23,04-10-2024
inka money,https://s3-ced-uploads-01.s3.amazonaws.com/1703888162897-inkamoney.svg,https://inkamoney.com/?utm_source=ced&utm_medium=listado,"BCP, Interbank","{'M_F': '9 am - 6:30 pm', 'Saturdays': '9 am - 1 pm', 'Sundays': ''}",2024-09-13T03:48:04.753Z,3.71,0.0,3.73,0.001,10:25:23,04-10-2024
Hir Power,https://s3-ced-uploads-01.s3.amazonaws.com/1703887956636-hirpower.svg,https://hirpower.com/?utm_source=ced&utm_medium=listado,BCP,"{'M_F': '8 am - 8 pm', 'Saturdays': '8 am - 2 pm', 'Sundays': ''}",2024-09-13T03:48:13.833Z,3.72,0.0,3.74,-0.01,10:25:23,04-10-2024
Roblex,https://s3-ced-uploads-01.s3.amazonaws.com/1703888186335-roblex.svg,https://roblex.pe/?utm_source=ced&utm_medium=listado,BCP,"{'M_F': '9 am - 6:30 pm', 'Saturdays': '9 am - 1:30 pm', 'Sundays': ''}",2024-09-13T03:48:28.472Z,3.722,-0.001,3.734,-0.001,10:25:23,04-10-2024
vip capital,https://s3-ced-uploads-01.s3.amazonaws.com/1703888440358-vip-capital.png,https://vipcapital.com.pe/?utm_source=ced,"BCP, Scotiabank","{'M_F': '9 am - 6pm', 'Saturdays': '9 am - 1pm', 'Sundays': ''}",2024-09-13T03:59:25.011Z,3.724,0.0,3.745,0.0,10:25:23,04-10-2024
Cambio Mas,https://s3-ced-uploads-01.s3.amazonaws.com/1706410300024-cambio-mas-2.svg,https://cambiomas.com.pe/?utm_source=ced,"BCP, BBVA, Interbank","{'M_F': '8 am - 6 pm', 'Saturdays': '8 am - 6 pm', 'Sundays': ''}",2024-09-13T03:57:46.412Z,3.72,-0.005,3.74,-0.005,10:25:23,04-10-2024
Cambio Digital,https://s3-ced-uploads-01.s3.amazonaws.com/1721940518656-Cambio-digital.svg,https://cambiodigitalperu.com/,BCP,"{'M_F': '9am - 7pm', 'Saturdays': '9am - 1pm', 'Sundays': ''}",2024-09-27T15:21:15.300Z,3.726,-0.001,3.736,0.0,10:25:23,04-10-2024
Chaski Dolar,https://s3-ced-uploads-01.s3.amazonaws.com/1724079421732-chaski dolar-3.svg,https://chaskidolar.com/?utm_source=ced,"BCP, Interbank","{'M_F': '9 am - 6 pm', 'Saturdays': '9 am - 12:30 pm', 'Sundays': ''}",2024-08-19T20:45:17.940Z,3.72,0.001,3.739,0.001,10:25:23,04-10-2024
kambio.online,https://s3-ced-uploads-01.s3.amazonaws.com/1723251732620-Kambio-online.svg,https://kambio.online/,BCP,"{'M_F': '9 am - 6 pm', 'Saturdays': '9 am - 1 pm', 'Sundays': '9am - 1pm'}",2024-09-30T18:17:51.782Z,3.727,-0.001,3.737,-0.001,10:25:23,04-10-2024
Dollar House,https://s3-ced-uploads-01.s3.amazonaws.com/1702304946735-dollar-house-v2.svg,https://dollarhouse.pe/?utm_source=ced,"BCP, Interbak","{'M_F': '9 am - 7 pm.', 'Saturdays': '10 am - 1pm', 'Sundays': ''}",2024-10-04T15:39:19.670Z,3.726,0.0,3.733,0.0,10:42:04,04-10-2024
Rextie,https://s3-ced-uploads-01.s3.amazonaws.com/1700582494591-rextie.png,https://web.rextie.com/registrate?utm_source=cuanto-esta-el-dolar&utm_medium=hubspot&utm_campaign=cuanto-esta-el-dolar&utm_term=listado&utm_content= ,"BCP, Interbank, Pichincha, BANBIF","{'M_F': '8 am - 8 pm', 'Saturdays': '9 am - 3 pm', 'Sundays': ''}",2024-09-17T16:57:36.867Z,3.716,0.0,3.744,0.0,10:42:04,04-10-2024
CambiaFX,https://s3-ced-uploads-01.s3.amazonaws.com/1703001286669-cambiafx_v2.svg,https://cambiafx.pe/?utm_source=display&utm_medium=banner&utm_campaign=Cuanto_esta_el_Dolar&utm_content=boton_cambiar,"BCP, Interbank, Banbif, Yape, Plin, Otros Bancos Transf. Interbancaria","{'M_F': '9 am - 7pm', 'Saturdays': '10 am - 1 pm', 'Sundays': ''}",2024-09-17T22:57:19.785Z,3.726,0.002,3.74,0.002,10:42:04,04-10-2024
Cambio Mundial,https://s3-ced-uploads-01.s3.amazonaws.com/1706405397247-cambiomundial-2.svg,https://www.cambiomundial.com/?utm_source=ced,BCP,"{'M_F': '9 am - 6 pm', 'Saturdays': '9 am - 1:00 pm', 'Sundays': ''}",2024-09-17T19:10:55.609Z,3.73,0.001,3.735,0.002,10:42:04,04-10-2024
Perú dolar,https://s3-ced-uploads-01.s3.amazonaws.com/1710258214508-perudolar.svg,https://perudolar.pe/?utm_source=ced&utm_medium=listado,BCP,"{'M_F': '9 am - 4 pm', 'Saturdays': '-', 'Sundays': ''}",2024-10-03T21:03:03.093Z,3.72,0.0,3.76,0.025,10:42:04,04-10-2024
Okane,https://s3-ced-uploads-01.s3.amazonaws.com/1703885579335-okane.svg,https://www.okanecambiodigital.com/?utm_source=ced,BCP,"{'M_F': '9 am - 6pm', 'Saturdays': '9 am - 2 pm', 'Sundays': ''}",2024-09-13T04:26:45.596Z,3.726,0.001,3.739,0.0,10:42:04,04-10-2024
Dichikash,https://s3-ced-uploads-01.s3.amazonaws.com/1703885241775-dichikash.svg,https://dichikash.com/?utm_source=ced,"BCP, Interbank, BBVA","{'M_F': '9 am - 7 pm', 'Saturdays': '9 am - 7 pm', 'Sundays': '10 am- 1 pm'}",2024-09-13T03:58:55.512Z,3.727,0.002,3.735,0.003,10:42:04,04-10-2024
chapacambio,https://s3-ced-uploads-01.s3.amazonaws.com/1703885660214-chapa-cambio.svg,https://chapacambio.com/?c=CHAPACUANTO,"BCP, BanBif, Interbank, BBVA, Scotiabank","{'M_F': '8:30 am - 6 pm', 'Saturdays': '8:30 am - 1 pm', 'Sundays': ''}",2024-09-13T03:58:28.951Z,3.725,0.001,3.737,0.001,10:42:04,04-10-2024
Western Union,https://s3-ced-uploads-01.s3.amazonaws.com/1703611552019-western-union.svg,https://westernunionperu.pe/cambiodemoneda?utm_source=ced&utm_content=listado,"BCP, BANBIF, Pichincha, Scotiabank","{'M_F': '9 am - 5:00 pm', 'Saturdays': '', 'Sundays': ''}",2024-10-04T15:39:20.152Z,3.717,0.0,3.741,0.0,10:42:04,04-10-2024
Dolarex,https://s3-ced-uploads-01.s3.amazonaws.com/1706407302313-dolarex.svg,https://dolarex.pe/?utm_source=ced,"BCP, BBVA, Interbank","{'M_F': '8 am - 6 pm', 'Saturdays': '8 am - 2 pm', 'Sundays': ''}",2024-09-13T03:59:37.933Z,3.71,-0.016,3.75,0.013,10:42:04,04-10-2024
sr Cambio,https://s3-ced-uploads-01.s3.amazonaws.com/1703885507016-sr-cambio.png,https://srcambio.pe/?utm_source=ced&utm_medium=listado,BCP,"{'M_F': '9 am - 6pm', 'Saturdays': '9 am - 1pm', 'Sundays': ''}",2024-05-13T19:03:22.616Z,3.72,0.003,3.735,0.001,10:42:04,04-10-2024
Money House,https://s3-ced-uploads-01.s3.amazonaws.com/1706408745945-money_house.svg,https://www.moneyhouse.pe/?utm_source=ced,BCP e INTERBAK,"{'M_F': '8:30 am - 6 pm ', 'Saturdays': '9 am - 1 pm', 'Sundays': ''}",2024-09-13T04:01:20.192Z,3.73,0.001,3.734,0.001,10:42:04,04-10-2024
cambiosol,https://s3-ced-uploads-01.s3.amazonaws.com/1703886518616-cambiosol.svg,https://cambiosol.pe/?utm_source=ced,BCP,"{'M_F': '9 am - 6 pm', 'Saturdays': '9 am a 1 pm', 'Sundays': ''}",2024-10-04T15:36:20.481Z,3.725,0.0,3.738,0.0,10:42:04,04-10-2024
DLS Money,https://s3-ced-uploads-01.s3.amazonaws.com/1703888213856-dlsmoney.svg,"https://dlsmoney.com/?utm_source=ced&utm
_medium=listado","BCP, Interbank","{'M_F': '9 am - 7 pm', 'Saturdays': '9 AM - 1pm', 'Sundays': ''}",2024-09-13T03:48:21.112Z,3.729,0.002,3.738,0.002,10:42:04,04-10-2024
Yanki,https://s3-ced-uploads-01.s3.amazonaws.com/1703886832755-yanki.svg,https://yanki.pe?utm_source=CED&utm_medium=paid&utm_campaign=diciembre,BCP,"{'M_F': '9 am - 7 pm', 'Saturdays': '9 am - 2 pm', 'Sundays': ''}",2024-09-13T03:58:44.072Z,3.722,0.0,3.74,0.0,10:42:04,04-10-2024
Instakash,https://s3-ced-uploads-01.s3.amazonaws.com/1720489567199-instakash_v2.svg,https://instakash.net/?utm_source=ced,"BCP, Interbank","{'M_F': '9 am - 7 pm', 'Saturdays': '9 am - 2 pm', 'Sundays': ''}",2024-09-13T03:57:54.370Z,3.719,0.002,3.741,0.0,10:42:04,04-10-2024
Tu Cambista,https://s3-ced-uploads-01.s3.amazonaws.com/1703885099701-tu-cambista.svg,https://tucambista.pe/ced?utm_source=ced&utm_medium=paid&utm_campaign=pricelist&pc=CED,"BCP, Interbank, Banbif","{'M_F': '8 am - 8 pm', 'Saturdays': '9 am - 3 pm', 'Sundays': ''}",2024-05-13T19:04:47.318Z,3.7255,0.001,3.7405,0.001,10:42:04,04-10-2024
inka money,https://s3-ced-uploads-01.s3.amazonaws.com/1703888162897-inkamoney.svg,https://inkamoney.com/?utm_source=ced&utm_medium=listado,"BCP, Interbank","{'M_F': '9 am - 6:30 pm', 'Saturdays': '9 am - 1 pm', 'Sundays': ''}",2024-09-13T03:48:04.753Z,3.71,0.0,3.735,0.003,10:42:04,04-10-2024
Hir Power,https://s3-ced-uploads-01.s3.amazonaws.com/1703887956636-hirpower.svg,https://hirpower.com/?utm_source=ced&utm_medium=listado,BCP,"{'M_F': '8 am - 8 pm', 'Saturdays': '8 am - 2 pm', 'Sundays': ''}",2024-09-13T03:48:13.833Z,3.72,0.0,3.74,-0.01,10:42:04,04-10-2024
Roblex,https://s3-ced-uploads-01.s3.amazonaws.com/1703888186335-roblex.svg,https://roblex.pe/?utm_source=ced&utm_medium=listado,BCP,"{'M_F': '9 am - 6:30 pm', 'Saturdays': '9 am - 1:30 pm', 'Sundays': ''}",2024-09-13T03:48:28.472Z,3.722,-0.001,3.734,-0.001,10:42:04,04-10-2024
vip capital,https://s3-ced-uploads-01.s3.amazonaws.com/1703888440358-vip-capital.png,https://vipcapital.com.pe/?utm_source=ced,"BCP, Scotiabank","{'M_F': '9 am - 6pm', 'Saturdays': '9 am - 1pm', 'Sundays': ''}",2024-09-13T03:59:25.011Z,3.724,0.0,3.745,0.0,10:42:04,04-10-2024
Cambio Mas,https://s3-ced-uploads-01.s3.amazonaws.com/1706410300024-cambio-mas-2.svg,https://cambiomas.com.pe/?utm_source=ced,"BCP, BBVA, Interbank","{'M_F': '8 am - 6 pm', 'Saturdays': '8 am - 6 pm', 'Sundays': ''}",2024-09-13T03:57:46.412Z,3.72,-0.005,3.74,-0.005,10:42:04,04-10-2024
Cambio Digital,https://s3-ced-uploads-01.s3.amazonaws.com/1721940518656-Cambio-digital.svg,https://cambiodigitalperu.com/,BCP,"{'M_F': '9am - 7pm', 'Saturdays': '9am - 1pm', 'Sundays': ''}",2024-09-27T15:21:15.300Z,3.729,0.001,3.737,0.002,10:42:04,04-10-2024
Chaski Dolar,https://s3-ced-uploads-01.s3.amazonaws.com/1724079421732-chaski dolar-3.svg,https://chaskidolar.com/?utm_source=ced,"BCP, Interbank","{'M_F': '9 am - 6 pm', 'Saturdays': '9 am - 12:30 pm', 'Sundays': ''}",2024-08-19T20:45:17.940Z,3.723,0.001,3.743,0.002,10:42:04,04-10-2024
kambio.online,https://s3-ced-uploads-01.s3.amazonaws.com/1723251732620-Kambio-online.svg,https://kambio.online/,BCP,"{'M_F': '9 am - 6 pm', 'Saturdays': '9 am - 1 pm', 'Sundays': '9am - 1pm'}",2024-09-30T18:17:51.782Z,3.73,0.002,3.74,0.002,10:42:04,04-10-2024
Dollar House,https://s3-ced-uploads-01.s3.amazonaws.com/1702304946735-dollar-house-v2.svg,https://dollarhouse.pe/?utm_source=ced,"BCP, Interbak","{'M_F': '9 am - 7 pm.', 'Saturdays': '10 am - 1pm', 'Sundays': ''}",2024-10-04T16:27:19.630Z,3.727,0.0,3.734,0.0,11:30:23,04-10-2024
Rextie,https://s3-ced-uploads-01.s3.amazonaws.com/1700582494591-rextie.png,https://web.rextie.com/registrate?utm_source=cuanto-esta-el-dolar&utm_medium=hubspot&utm_campaign=cuanto-esta-el-dolar&utm_term=listado&utm_content= ,"BCP, Interbank, Pichincha, BANBIF","{'M_F': '8 am - 8 pm', 'Saturdays': '9 am - 3 pm', 'Sundays': ''}",2024-09-17T16:57:36.867Z,3.7155,0.0,3.7435,0.0,11:30:23,04-10-2024
CambiaFX,https://s3-ced-uploads-01.s3.amazonaws.com/1703001286669-cambiafx_v2.svg,https://cambiafx.pe/?utm_source=display&utm_medium=banner&utm_campaign=Cuanto_esta_el_Dolar&utm_content=boton_cambiar,"BCP, Interbank, Banbif, Yape, Plin, Otros Bancos Transf. Interbancaria","{'M_F': '9 am - 7pm', 'Saturdays': '10 am - 1 pm', 'Sundays': ''}",2024-09-17T22:57:19.785Z,3.723,0.0,3.738,0.002,11:30:23,04-10-2024
Cambio Mundial,https://s3-ced-uploads-01.s3.amazonaws.com/1706405397247-cambiomundial-2.svg,https://www.cambiomundial.com/?utm_source=ced,BCP,"{'M_F': '9 am - 6 pm', 'Saturdays': '9 am - 1:00 pm', 'Sundays': ''}",2024-09-17T19:10:55.609Z,3.728,0.001,3.732,0.001,11:30:23,04-10-2024
Perú dolar,https://s3-ced-uploads-01.s3.amazonaws.com/1710258214508-perudolar.svg,https://perudolar.pe/?utm_source=ced&utm_medium=listado,BCP,"{'M_F': '9 am - 4 pm', 'Saturdays': '-', 'Sundays': ''}",2024-10-04T16:11:35.990Z,3.72,0.0,3.74,0.005,11:30:23,04-10-2024
Okane,https://s3-ced-uploads-01.s3.amazonaws.com/1703885579335-okane.svg,https://www.okanecambiodigital.com/?utm_source=ced,BCP,"{'M_F': '9 am - 6pm', 'Saturdays': '9 am - 2 pm', 'Sundays': ''}",2024-09-13T04:26:45.596Z,3.726,0.0,3.737,-0.002,11:30:23,04-10-2024
Dichikash,https://s3-ced-uploads-01.s3.amazonaws.com/1703885241775-dichikash.svg,https://dichikash.com/?utm_source=ced,"BCP, Interbank, BBVA","{'M_F': '9 am - 7 pm', 'Saturdays': '9 am - 7 pm', 'Sundays': '10 am- 1 pm'}",2024-09-13T03:58:55.512Z,3.725,-0.002,3.731,-0.001,11:30:23,04-10-2024
chapacambio,https://s3-ced-uploads-01.s3.amazonaws.com/1703885660214-chapa-cambio.svg,https://chapacambio.com/?c=CHAPACUANTO,"BCP, BanBif, Interbank, BBVA, Scotiabank","{'M_F': '8:30 am - 6 pm', 'Saturdays': '8:30 am - 1 pm', 'Sundays': ''}",2024-09-13T03:58:28.951Z,3.724,-0.001,3.736,-0.001,11:30:23,04-10-2024
Western Union,https://s3-ced-uploads-01.s3.amazonaws.com/1703611552019-western-union.svg,https://westernunionperu.pe/cambiodemoneda?utm_source=ced&utm_content=listado,"BCP, BANBIF, Pichincha, Scotiabank","{'M_F': '9 am - 5:00 pm', 'Saturdays': '', 'Sundays': ''}",2024-10-04T16:27:20.298Z,3.717,0.0,3.74,0.0,11:30:23,04-10-2024
Dolarex,https://s3-ced-uploads-01.s3.amazonaws.com/1706407302313-dolarex.svg,https://dolarex.pe/?utm_source=ced,"BCP, BBVA, Interbank","{'M_F': '8 am - 6 pm', 'Saturdays': '8 am - 2 pm', 'Sundays': ''}",2024-09-13T03:59:37.933Z,3.71,-0.016,3.75,0.013,11:30:23,04-10-2024
sr Cambio,https://s3-ced-uploads-01.s3.amazonaws.com/1703885507016-sr-cambio.png,https://srcambio.pe/?utm_source=ced&utm_medium=listado,BCP,"{'M_F': '9 am - 6pm', 'Saturdays': '9 am - 1pm', 'Sundays': ''}",2024-05-13T19:03:22.616Z,3.72,0.0,3.731,-0.001,11:30:23,04-10-2024
Money House,https://s3-ced-uploads-01.s3.amazonaws.com/1706408745945-money_house.svg,https://www.moneyhouse.pe/?utm_source=ced,BCP e INTERBAK,"{'M_F': '8:30 am - 6 pm ', 'Saturdays': '9 am - 1 pm', 'Sundays': ''}",2024-09-13T04:01:20.192Z,3.727,-0.001,3.731,-0.001,11:30:23,04-10-2024
cambiosol,https://s3-ced-uploads-01.s3.amazonaws.com/1703886518616-cambiosol.svg,https://cambiosol.pe/?utm_source=ced,BCP,"{'M_F': '9 am - 6 pm', 'Saturdays': '9 am a 1 pm', 'Sundays': ''}",2024-10-04T16:27:20.110Z,3.725,0.0,3.74,0.0,11:30:23,04-10-2024
DLS Money,https://s3-ced-uploads-01.s3.amazonaws.com/1703888213856-dlsmoney.svg,"https://dlsmoney.com/?utm_source=ced&utm
_medium=listado","BCP, Interbank","{'M_F': '9 am - 7 pm', 'Saturdays': '9 AM - 1pm', 'Sundays': ''}",2024-09-13T03:48:21.112Z,3.724,0.0,3.737,0.0,11:30:23,04-10-2024
Yanki,https://s3-ced-uploads-01.s3.amazonaws.com/1703886832755-yanki.svg,https://yanki.pe?utm_source=CED&utm_medium=paid&utm_campaign=diciembre,BCP,"{'M_F': '9 am - 7 pm', 'Saturdays': '9 am - 2 pm', 'Sundays': ''}",2024-09-13T03:58:44.072Z,3.722,0.0,3.74,0.0,11:30:23,04-10-2024
Instakash,https://s3-ced-uploads-01.s3.amazonaws.com/1720489567199-instakash_v2.svg,https://instakash.net/?utm_source=ced,"BCP, Interbank","{'M_F': '9 am - 7 pm', 'Saturdays': '9 am - 2 pm', 'Sundays': ''}",2024-09-13T03:57:54.370Z,3.721,0.002,3.741,0.0,11:30:23,04-10-2024
Tu Cambista,https://s3-ced-uploads-01.s3.amazonaws.com/1703885099701-tu-cambista.svg,https://tucambista.pe/ced?utm_source=ced&utm_medium=paid&utm_campaign=pricelist&pc=CED,"BCP, Interbank, Banbif","{'M_F': '8 am - 8 pm', 'Saturdays': '9 am - 3 pm', 'Sundays': ''}",2024-05-13T19:04:47.318Z,3.7225,0.001,3.7375,0.0,11:30:23,04-10-2024
inka money,https://s3-ced-uploads-01.s3.amazonaws.com/1703888162897-inkamoney.svg,https://inkamoney.com/?utm_source=ced&utm_medium=listado,"BCP, Interbank","{'M_F': '9 am - 6:30 pm', 'Saturdays': '9 am - 1 pm', 'Sundays': ''}",2024-09-13T03:48:04.753Z,3.714,0.0,3.732,0.001,11:30:23,04-10-2024
Hir Power,https://s3-ced-uploads-01.s3.amazonaws.com/1703887956636-hirpower.svg,https://hirpower.com/?utm_source=ced&utm_medium=listado,BCP,"{'M_F': '8 am - 8 pm', 'Saturdays': '8 am - 2 pm', 'Sundays': ''}",2024-09-13T03:48:13.833Z,3.72,0.0,3.74,-0.01,11:30:23,04-10-2024
Roblex,https://s3-ced-uploads-01.s3.amazonaws.com/1703888186335-roblex.svg,https://roblex.pe/?utm_source=ced&utm_medium=listado,BCP,"{'M_F': '9 am - 6:30 pm', 'Saturdays': '9 am - 1:30 pm', 'Sundays': ''}",2024-09-13T03:48:28.472Z,3.722,0.0,3.734,0.0,11:30:23,04-10-2024
vip capital,https://s3-ced-uploads-01.s3.amazonaws.com/1703888440358-vip-capital.png,https://vipcapital.com.pe/?utm_source=ced,"BCP, Scotiabank","{'M_F': '9 am - 6pm', 'Saturdays': '9 am - 1pm', 'Sundays': ''}",2024-09-13T03:59:25.011Z,3.725,0.0,3.745,0.0,11:30:23,04-10-2024
Cambio Mas,https://s3-ced-uploads-01.s3.amazonaws.com/1706410300024-cambio-mas-2.svg,https://cambiomas.com.pe/?utm_source=ced,"BCP, BBVA, Interbank","{'M_F': '8 am - 6 pm', 'Saturdays': '8 am - 6 pm', 'Sundays': ''}",2024-09-13T03:57:46.412Z,3.72,0.0,3.739,-0.001,11:30:23,04-10-2024
Cambio Digital,https://s3-ced-uploads-01.s3.amazonaws.com/1721940518656-Cambio-digital.svg,https://cambiodigitalperu.com/,BCP,"{'M_F': '9am - 7pm', 'Saturdays': '9am - 1pm', 'Sundays': ''}",2024-09-27T15:21:15.300Z,3.727,0.0,3.734,-0.002,11:30:23,04-10-2024
Chaski Dolar,https://s3-ced-uploads-01.s3.amazonaws.com/1724079421732-chaski dolar-3.svg,https://chaskidolar.com/?utm_source=ced,"BCP, Interbank","{'M_F': '9 am - 6 pm', 'Saturdays': '9 am - 12:30 pm', 'Sundays': ''}",2024-08-19T20:45:17.940Z,3.721,0.001,3.74,0.001,11:30:23,04-10-2024
kambio.online,https://s3-ced-uploads-01.s3.amazonaws.com/1723251732620-Kambio-online.svg,https://kambio.online/,BCP,"{'M_F': '9 am - 6 pm', 'Saturdays': '9 am - 1 pm', 'Sundays': '9am - 1pm'}",2024-09-30T18:17:51.782Z,3.727,-0.002,3.737,0.003,11:30:23,04-10-2024
Dollar House,https://s3-ced-uploads-01.s3.amazonaws.com/1702304946735-dollar-house-v2.svg,https://dollarhouse.pe/?utm_source=ced,"BCP, Interbak","{'M_F': '9 am - 7 pm.', 'Saturdays': '10 am - 1pm', 'Sundays': ''}",2024-10-04T16:45:19.810Z,3.727,0.0,3.737,0.0,11:46:35,04-10-2024
Rextie,https://s3-ced-uploads-01.s3.amazonaws.com/1700582494591-rextie.png,https://web.rextie.com/registrate?utm_source=cuanto-esta-el-dolar&utm_medium=hubspot&utm_campaign=cuanto-esta-el-dolar&utm_term=listado&utm_content= ,"BCP, Interbank, Pichincha, BANBIF","{'M_F': '8 am - 8 pm', 'Saturdays': '9 am - 3 pm', 'Sundays': ''}",2024-09-17T16:57:36.867Z,3.717,0.0,3.745,0.0,11:46:35,04-10-2024
CambiaFX,https://s3-ced-uploads-01.s3.amazonaws.com/1703001286669-cambiafx_v2.svg,https://cambiafx.pe/?utm_source=display&utm_medium=banner&utm_campaign=Cuanto_esta_el_Dolar&utm_content=boton_cambiar,"BCP, Interbank, Banbif, Yape, Plin, Otros Bancos Transf. Interbancaria","{'M_F': '9 am - 7pm', 'Saturdays': '10 am - 1 pm', 'Sundays': ''}",2024-09-17T22:57:19.785Z,3.726,-0.001,3.74,-0.001,11:46:35,04-10-2024
Cambio Mundial,https://s3-ced-uploads-01.s3.amazonaws.com/1706405397247-cambiomundial-2.svg,https://www.cambiomundial.com/?utm_source=ced,BCP,"{'M_F': '9 am - 6 pm', 'Saturdays': '9 am - 1:00 pm', 'Sundays': ''}",2024-09-17T19:10:55.609Z,3.73,0.002,3.735,0.003,11:46:35,04-10-2024
Perú dolar,https://s3-ced-uploads-01.s3.amazonaws.com/1710258214508-perudolar.svg,https://perudolar.pe/?utm_source=ced&utm_medium=listado,BCP,"{'M_F': '9 am - 4 pm', 'Saturdays': '-', 'Sundays': ''}",2024-10-04T16:11:35.990Z,3.72,0.0,3.74,0.005,11:46:35,04-10-2024
Okane,https://s3-ced-uploads-01.s3.amazonaws.com/1703885579335-okane.svg,https://www.okanecambiodigital.com/?utm_source=ced,BCP,"{'M_F': '9 am - 6pm', 'Saturdays': '9 am - 2 pm', 'Sundays': ''}",2024-09-13T04:26:45.596Z,3.727,0.001,3.738,0.001,11:46:35,04-10-2024
Dichikash,https://s3-ced-uploads-01.s3.amazonaws.com/1703885241775-dichikash.svg,https://dichikash.com/?utm_source=ced,"BCP, Interbank, BBVA","{'M_F': '9 am - 7 pm', 'Saturdays': '9 am - 7 pm', 'Sundays': '10 am- 1 pm'}",2024-09-13T03:58:55.512Z,3.726,-0.001,3.734,0.001,11:46:35,04-10-2024
chapacambio,https://s3-ced-uploads-01.s3.amazonaws.com/1703885660214-chapa-cambio.svg,https://chapacambio.com/?c=CHAPACUANTO,"BCP, BanBif, Interbank, BBVA, Scotiabank","{'M_F': '8:30 am - 6 pm', 'Saturdays': '8:30 am - 1 pm', 'Sundays': ''}",2024-09-13T03:58:28.951Z,3.726,0.001,3.738,0.001,11:46:35,04-10-2024
Western Union,https://s3-ced-uploads-01.s3.amazonaws.com/1703611552019-western-union.svg,https://westernunionperu.pe/cambiodemoneda?utm_source=ced&utm_content=listado,"BCP, BANBIF, Pichincha, Scotiabank","{'M_F': '9 am - 5:00 pm', 'Saturdays': '', 'Sundays': ''}",2024-10-04T16:45:20.034Z,3.717,0.0,3.74,0.0,11:46:35,04-10-2024
Dolarex,https://s3-ced-uploads-01.s3.amazonaws.com/1706407302313-dolarex.svg,https://dolarex.pe/?utm_source=ced,"BCP, BBVA, Interbank","{'M_F': '8 am - 6 pm', 'Saturdays': '8 am - 2 pm', 'Sundays': ''}",2024-09-13T03:59:37.933Z,3.71,-0.016,3.75,0.013,11:46:35,04-10-2024
sr Cambio,https://s3-ced-uploads-01.s3.amazonaws.com/1703885507016-sr-cambio.png,https://srcambio.pe/?utm_source=ced&utm_medium=listado,BCP,"{'M_F': '9 am - 6pm', 'Saturdays': '9 am - 1pm', 'Sundays': ''}",2024-05-13T19:03:22.616Z,3.722,0.002,3.735,0.002,11:46:35,04-10-2024
Money House,https://s3-ced-uploads-01.s3.amazonaws.com/1706408745945-money_house.svg,https://www.moneyhouse.pe/?utm_source=ced,BCP e INTERBAK,"{'M_F': '8:30 am - 6 pm ', 'Saturdays': '9 am - 1 pm', 'Sundays': ''}",2024-09-13T04:01:20.192Z,3.73,0.002,3.735,0.003,11:46:35,04-10-2024
cambiosol,https://s3-ced-uploads-01.s3.amazonaws.com/1703886518616-cambiosol.svg,https://cambiosol.pe/?utm_source=ced,BCP,"{'M_F': '9 am - 6 pm', 'Saturdays': '9 am a 1 pm', 'Sundays': ''}",2024-10-04T16:45:21.148Z,3.725,0.0,3.74,0.0,11:46:35,04-10-2024
DLS Money,https://s3-ced-uploads-01.s3.amazonaws.com/1703888213856-dlsmoney.svg,"https://dlsmoney.com/?utm_source=ced&utm
_medium=listado","BCP, Interbank","{'M_F': '9 am - 7 pm', 'Saturdays': '9 AM - 1pm', 'Sundays': ''}",2024-09-13T03:48:21.112Z,3.727,0.0,3.737,0.0,11:46:35,04-10-2024
Yanki,https://s3-ced-uploads-01.s3.amazonaws.com/1703886832755-yanki.svg,https://yanki.pe?utm_source=CED&utm_medium=paid&utm_campaign=diciembre,BCP,"{'M_F': '9 am - 7 pm', 'Saturdays': '9 am - 2 pm', 'Sundays': ''}",2024-09-13T03:58:44.072Z,3.722,0.0,3.74,0.0,11:46:35,04-10-2024
Instakash,https://s3-ced-uploads-01.s3.amazonaws.com/1720489567199-instakash_v2.svg,https://instakash.net/?utm_source=ced,"BCP, Interbank","{'M_F': '9 am - 7 pm', 'Saturdays': '9 am - 2 pm', 'Sundays': ''}",2024-09-13T03:57:54.370Z,3.723,0.0,3.745,-0.002,11:46:35,04-10-2024
Tu Cambista,https://s3-ced-uploads-01.s3.amazonaws.com/1703885099701-tu-cambista.svg,https://tucambista.pe/ced?utm_source=ced&utm_medium=paid&utm_campaign=pricelist&pc=CED,"BCP, Interbank, Banbif","{'M_F': '8 am - 8 pm', 'Saturdays': '9 am - 3 pm', 'Sundays': ''}",2024-05-13T19:04:47.318Z,3.7245,-0.001,3.7395,-0.001,11:46:35,04-10-2024
inka money,https://s3-ced-uploads-01.s3.amazonaws.com/1703888162897-inkamoney.svg,https://inkamoney.com/?utm_source=ced&utm_medium=listado,"BCP, Interbank","{'M_F': '9 am - 6:30 pm', 'Saturdays': '9 am - 1 pm', 'Sundays': ''}",2024-09-13T03:48:04.753Z,3.714,0.0,3.735,0.0,11:46:35,04-10-2024
Hir Power,https://s3-ced-uploads-01.s3.amazonaws.com/1703887956636-hirpower.svg,https://hirpower.com/?utm_source=ced&utm_medium=listado,BCP,"{'M_F': '8 am - 8 pm', 'Saturdays': '8 am - 2 pm', 'Sundays': ''}",2024-09-13T03:48:13.833Z,3.72,0.0,3.74,-0.01,11:46:35,04-10-2024
Roblex,https://s3-ced-uploads-01.s3.amazonaws.com/1703888186335-roblex.svg,https://roblex.pe/?utm_source=ced&utm_medium=listado,BCP,"{'M_F': '9 am - 6:30 pm', 'Saturdays': '9 am - 1:30 pm', 'Sundays': ''}",2024-09-13T03:48:28.472Z,3.724,0.001,3.736,0.0,11:46:35,04-10-2024
vip capital,https://s3-ced-uploads-01.s3.amazonaws.com/1703888440358-vip-capital.png,https://vipcapital.com.pe/?utm_source=ced,"BCP, Scotiabank","{'M_F': '9 am - 6pm', 'Saturdays': '9 am - 1pm', 'Sundays': ''}",2024-09-13T03:59:25.011Z,3.725,0.0,3.745,0.0,11:46:35,04-10-2024
Cambio Mas,https://s3-ced-uploads-01.s3.amazonaws.com/1706410300024-cambio-mas-2.svg,https://cambiomas.com.pe/?utm_source=ced,"BCP, BBVA, Interbank","{'M_F': '8 am - 6 pm', 'Saturdays': '8 am - 6 pm', 'Sundays': ''}",2024-09-13T03:57:46.412Z,3.72,0.0,3.739,-0.001,11:46:35,04-10-2024
Cambio Digital,https://s3-ced-uploads-01.s3.amazonaws.com/1721940518656-Cambio-digital.svg,https://cambiodigitalperu.com/,BCP,"{'M_F': '9am - 7pm', 'Saturdays': '9am - 1pm', 'Sundays': ''}",2024-09-27T15:21:15.300Z,3.729,0.0,3.736,-0.001,11:46:35,04-10-2024
Chaski Dolar,https://s3-ced-uploads-01.s3.amazonaws.com/1724079421732-chaski dolar-3.svg,https://chaskidolar.com/?utm_source=ced,"BCP, Interbank","{'M_F': '9 am - 6 pm', 'Saturdays': '9 am - 12:30 pm', 'Sundays': ''}",2024-08-19T20:45:17.940Z,3.723,0.002,3.743,0.003,11:46:35,04-10-2024
kambio.online,https://s3-ced-uploads-01.s3.amazonaws.com/1723251732620-Kambio-online.svg,https://kambio.online/,BCP,"{'M_F': '9 am - 6 pm', 'Saturdays': '9 am - 1 pm', 'Sundays': '9am - 1pm'}",2024-09-30T18:17:51.782Z,3.73,0.003,3.74,0.003,11:46:35,04-10-2024
Dollar House,https://s3-ced-uploads-01.s3.amazonaws.com/1702304946735-dollar-house-v2.svg,https://dollarhouse.pe/?utm_source=ced,"BCP, Interbak","{'M_F': '9 am - 7 pm.', 'Saturdays': '10 am - 1pm', 'Sundays': ''}",2024-10-04T17:18:19.913Z,3.727,0.0,3.742,0.0,12:21:25,04-10-2024
Rextie,https://s3-ced-uploads-01.s3.amazonaws.com/1700582494591-rextie.png,https://web.rextie.com/registrate?utm_source=cuanto-esta-el-dolar&utm_medium=hubspot&utm_campaign=cuanto-esta-el-dolar&utm_term=listado&utm_content= ,"BCP, Interbank, Pichincha, BANBIF","{'M_F': '8 am - 8 pm', 'Saturdays': '9 am - 3 pm', 'Sundays': ''}",2024-09-17T16:57:36.867Z,3.7185,0.0,3.7465,0.0,12:21:25,04-10-2024
CambiaFX,https://s3-ced-uploads-01.s3.amazonaws.com/1703001286669-cambiafx_v2.svg,https://cambiafx.pe/?utm_source=display&utm_medium=banner&utm_campaign=Cuanto_esta_el_Dolar&utm_content=boton_cambiar,"BCP, Interbank, Banbif, Yape, Plin, Otros Bancos Transf. Interbancaria","{'M_F': '9 am - 7pm', 'Saturdays': '10 am - 1 pm', 'Sundays': ''}",2024-09-17T22:57:19.785Z,3.728,0.001,3.742,0.001,12:21:25,04-10-2024
Cambio Mundial,https://s3-ced-uploads-01.s3.amazonaws.com/1706405397247-cambiomundial-2.svg,https://www.cambiomundial.com/?utm_source=ced,BCP,"{'M_F': '9 am - 6 pm', 'Saturdays': '9 am - 1:00 pm', 'Sundays': ''}",2024-09-17T19:10:55.609Z,3.732,0.001,3.736,0.001,12:21:25,04-10-2024
Perú dolar,https://s3-ced-uploads-01.s3.amazonaws.com/1710258214508-perudolar.svg,https://perudolar.pe/?utm_source=ced&utm_medium=listado,BCP,"{'M_F': '9 am - 4 pm', 'Saturdays': '-', 'Sundays': ''}",2024-10-04T16:56:44.018Z,3.725,0.005,3.74,0.005,12:21:25,04-10-2024
Okane,https://s3-ced-uploads-01.s3.amazonaws.com/1703885579335-okane.svg,https://www.okanecambiodigital.com/?utm_source=ced,BCP,"{'M_F': '9 am - 6pm', 'Saturdays': '9 am - 2 pm', 'Sundays': ''}",2024-09-13T04:26:45.596Z,3.728,0.001,3.741,0.003,12:21:25,04-10-2024
Dichikash,https://s3-ced-uploads-01.s3.amazonaws.com/1703885241775-dichikash.svg,https://dichikash.com/?utm_source=ced,"BCP, Interbank, BBVA","{'M_F': '9 am - 7 pm', 'Saturdays': '9 am - 7 pm', 'Sundays': '10 am- 1 pm'}",2024-09-13T03:58:55.512Z,3.727,0.0,3.736,0.001,12:21:25,04-10-2024
chapacambio,https://s3-ced-uploads-01.s3.amazonaws.com/1703885660214-chapa-cambio.svg,https://chapacambio.com/?c=CHAPACUANTO,"BCP, BanBif, Interbank, BBVA, Scotiabank","{'M_F': '8:30 am - 6 pm', 'Saturdays': '8:30 am - 1 pm', 'Sundays': ''}",2024-09-13T03:58:28.951Z,3.7275,0.001,3.7395,0.001,12:21:25,04-10-2024
Western Union,https://s3-ced-uploads-01.s3.amazonaws.com/1703611552019-western-union.svg,https://westernunionperu.pe/cambiodemoneda?utm_source=ced&utm_content=listado,"BCP, BANBIF, Pichincha, Scotiabank","{'M_F': '9 am - 5:00 pm', 'Saturdays': '', 'Sundays': ''}",2024-10-04T17:18:20.060Z,3.72,0.0,3.743,0.0,12:21:25,04-10-2024
Dolarex,https://s3-ced-uploads-01.s3.amazonaws.com/1706407302313-dolarex.svg,https://dolarex.pe/?utm_source=ced,"BCP, BBVA, Interbank","{'M_F': '8 am - 6 pm', 'Saturdays': '8 am - 2 pm', 'Sundays': ''}",2024-09-13T03:59:37.933Z,3.72,0.01,3.745,-0.005,12:21:25,04-10-2024
sr Cambio,https://s3-ced-uploads-01.s3.amazonaws.com/1703885507016-sr-cambio.png,https://srcambio.pe/?utm_source=ced&utm_medium=listado,BCP,"{'M_F': '9 am - 6pm', 'Saturdays': '9 am - 1pm', 'Sundays': ''}",2024-05-13T19:03:22.616Z,3.722,0.0,3.737,0.002,12:21:25,04-10-2024
Money House,https://s3-ced-uploads-01.s3.amazonaws.com/1706408745945-money_house.svg,https://www.moneyhouse.pe/?utm_source=ced,BCP e INTERBAK,"{'M_F': '8:30 am - 6 pm ', 'Saturdays': '9 am - 1 pm', 'Sundays': ''}",2024-09-13T04:01:20.192Z,3.731,0.0,3.735,0.0,12:21:25,04-10-2024
cambiosol,https://s3-ced-uploads-01.s3.amazonaws.com/1703886518616-cambiosol.svg,https://cambiosol.pe/?utm_source=ced,BCP,"{'M_F': '9 am - 6 pm', 'Saturdays': '9 am a 1 pm', 'Sundays': ''}",2024-10-04T17:18:20.274Z,3.725,0.0,3.74,0.0,12:21:25,04-10-2024
DLS Money,https://s3-ced-uploads-01.s3.amazonaws.com/1703888213856-dlsmoney.svg,"https://dlsmoney.com/?utm_source=ced&utm
_medium=listado","BCP, Interbank","{'M_F': '9 am - 7 pm', 'Saturdays': '9 AM - 1pm', 'Sundays': ''}",2024-09-13T03:48:21.112Z,3.727,0.0,3.737,0.0,12:21:25,04-10-2024
Yanki,https://s3-ced-uploads-01.s3.amazonaws.com/1703886832755-yanki.svg,https://yanki.pe?utm_source=CED&utm_medium=paid&utm_campaign=diciembre,BCP,"{'M_F': '9 am - 7 pm', 'Saturdays': '9 am - 2 pm', 'Sundays': ''}",2024-09-13T03:58:44.072Z,3.724,0.0,3.742,0.0,12:21:25,04-10-2024
Instakash,https://s3-ced-uploads-01.s3.amazonaws.com/1720489567199-instakash_v2.svg,https://instakash.net/?utm_source=ced,"BCP, Interbank","{'M_F': '9 am - 7 pm', 'Saturdays': '9 am - 2 pm', 'Sundays': ''}",2024-09-13T03:57:54.370Z,3.726,0.002,3.747,0.0,12:21:25,04-10-2024
Tu Cambista,https://s3-ced-uploads-01.s3.amazonaws.com/1703885099701-tu-cambista.svg,https://tucambista.pe/ced?utm_source=ced&utm_medium=paid&utm_campaign=pricelist&pc=CED,"BCP, Interbank, Banbif","{'M_F': '8 am - 8 pm', 'Saturdays': '9 am - 3 pm', 'Sundays': ''}",2024-05-13T19:04:47.318Z,3.7265,0.001,3.7415,0.0,12:21:25,04-10-2024
inka money,https://s3-ced-uploads-01.s3.amazonaws.com/1703888162897-inkamoney.svg,https://inkamoney.com/?utm_source=ced&utm_medium=listado,"BCP, Interbank","{'M_F': '9 am - 6:30 pm', 'Saturdays': '9 am - 1 pm', 'Sundays': ''}",2024-09-13T03:48:04.753Z,3.722,0.004,3.736,-0.002,12:21:25,04-10-2024
Hir Power,https://s3-ced-uploads-01.s3.amazonaws.com/1703887956636-hirpower.svg,https://hirpower.com/?utm_source=ced&utm_medium=listado,BCP,"{'M_F': '8 am - 8 pm', 'Saturdays': '8 am - 2 pm', 'Sundays': ''}",2024-09-13T03:48:13.833Z,3.72,0.0,3.74,-0.01,12:21:25,04-10-2024
Roblex,https://s3-ced-uploads-01.s3.amazonaws.com/1703888186335-roblex.svg,https://roblex.pe/?utm_source=ced&utm_medium=listado,BCP,"{'M_F': '9 am - 6:30 pm', 'Saturdays': '9 am - 1:30 pm', 'Sundays': ''}",2024-09-13T03:48:28.472Z,3.726,0.002,3.738,0.002,12:21:25,04-10-2024
vip capital,https://s3-ced-uploads-01.s3.amazonaws.com/1703888440358-vip-capital.png,https://vipcapital.com.pe/?utm_source=ced,"BCP, Scotiabank","{'M_F': '9 am - 6pm', 'Saturdays': '9 am - 1pm', 'Sundays': ''}",2024-09-13T03:59:25.011Z,3.727,0.0,3.747,0.0,12:21:25,04-10-2024
Cambio Mas,https://s3-ced-uploads-01.s3.amazonaws.com/1706410300024-cambio-mas-2.svg,https://cambiomas.com.pe/?utm_source=ced,"BCP, BBVA, Interbank","{'M_F': '8 am - 6 pm', 'Saturdays': '8 am - 6 pm', 'Sundays': ''}",2024-09-13T03:57:46.412Z,3.72,0.0,3.745,0.006,12:21:25,04-10-2024
Cambio Digital,https://s3-ced-uploads-01.s3.amazonaws.com/1721940518656-Cambio-digital.svg,https://cambiodigitalperu.com/,BCP,"{'M_F': '9am - 7pm', 'Saturdays': '9am - 1pm', 'Sundays': ''}",2024-09-27T15:21:15.300Z,3.731,0.001,3.737,0.0,12:21:25,04-10-2024
Chaski Dolar,https://s3-ced-uploads-01.s3.amazonaws.com/1724079421732-chaski dolar-3.svg,https://chaskidolar.com/?utm_source=ced,"BCP, Interbank","{'M_F': '9 am - 6 pm', 'Saturdays': '9 am - 12:30 pm', 'Sundays': ''}",2024-08-19T20:45:17.940Z,3.725,0.001,3.744,0.001,12:21:25,04-10-2024
kambio.online,https://s3-ced-uploads-01.s3.amazonaws.com/1723251732620-Kambio-online.svg,https://kambio.online/,BCP,"{'M_F': '9 am - 6 pm', 'Saturdays': '9 am - 1 pm', 'Sundays': '9am - 1pm'}",2024-09-30T18:17:51.782Z,3.725,0.001,3.735,0.001,12:21:25,04-10-2024
Dollar House,https://s3-ced-uploads-01.s3.amazonaws.com/1702304946735-dollar-house-v2.svg,https://dollarhouse.pe/?utm_source=ced,"BCP, Interbak","{'M_F': '9 am - 7 pm.', 'Saturdays': '10 am - 1pm', 'Sundays': ''}",2024-10-04T17:39:19.631Z,3.728,0.0,3.742,0.0,12:40:49,04-10-2024
Rextie,https://s3-ced-uploads-01.s3.amazonaws.com/1700582494591-rextie.png,https://web.rextie.com/registrate?utm_source=cuanto-esta-el-dolar&utm_medium=hubspot&utm_campaign=cuanto-esta-el-dolar&utm_term=listado&utm_content= ,"BCP, Interbank, Pichincha, BANBIF","{'M_F': '8 am - 8 pm', 'Saturdays': '9 am - 3 pm', 'Sundays': ''}",2024-09-17T16:57:36.867Z,3.719,0.0,3.747,0.0,12:40:49,04-10-2024
CambiaFX,https://s3-ced-uploads-01.s3.amazonaws.com/1703001286669-cambiafx_v2.svg,https://cambiafx.pe/?utm_source=display&utm_medium=banner&utm_campaign=Cuanto_esta_el_Dolar&utm_content=boton_cambiar,"BCP, Interbank, Banbif, Yape, Plin, Otros Bancos Transf. Interbancaria","{'M_F': '9 am - 7pm', 'Saturdays': '10 am - 1 pm', 'Sundays': ''}",2024-09-17T22:57:19.785Z,3.726,-0.001,3.742,-0.001,12:40:49,04-10-2024
Cambio Mundial,https://s3-ced-uploads-01.s3.amazonaws.com/1706405397247-cambiomundial-2.svg,https://www.cambiomundial.com/?utm_source=ced,BCP,"{'M_F': '9 am - 6 pm', 'Saturdays': '9 am - 1:00 pm', 'Sundays': ''}",2024-09-17T19:10:55.609Z,3.733,0.0,3.74,0.003,12:40:49,04-10-2024
Perú dolar,https://s3-ced-uploads-01.s3.amazonaws.com/1710258214508-perudolar.svg,https://perudolar.pe/?utm_source=ced&utm_medium=listado,BCP,"{'M_F': '9 am - 4 pm', 'Saturdays': '-', 'Sundays': ''}",2024-10-04T16:56:44.018Z,3.725,0.005,3.74,0.005,12:40:49,04-10-2024
Okane,https://s3-ced-uploads-01.s3.amazonaws.com/1703885579335-okane.svg,https://www.okanecambiodigital.com/?utm_source=ced,BCP,"{'M_F': '9 am - 6pm', 'Saturdays': '9 am - 2 pm', 'Sundays': ''}",2024-09-13T04:26:45.596Z,3.729,0.001,3.742,0.001,12:40:49,04-10-2024
Dichikash,https://s3-ced-uploads-01.s3.amazonaws.com/1703885241775-dichikash.svg,https://dichikash.com/?utm_source=ced,"BCP, Interbank, BBVA","{'M_F': '9 am - 7 pm', 'Saturdays': '9 am - 7 pm', 'Sundays': '10 am- 1 pm'}",2024-09-13T03:58:55.512Z,3.728,0.001,3.737,0.001,12:40:49,04-10-2024
chapacambio,https://s3-ced-uploads-01.s3.amazonaws.com/1703885660214-chapa-cambio.svg,https://chapacambio.com/?c=CHAPACUANTO,"BCP, BanBif, Interbank, BBVA, Scotiabank","{'M_F': '8:30 am - 6 pm', 'Saturdays': '8:30 am - 1 pm', 'Sundays': ''}",2024-09-13T03:58:28.951Z,3.729,0.001,3.741,0.001,12:40:49,04-10-2024
Western Union,https://s3-ced-uploads-01.s3.amazonaws.com/1703611552019-western-union.svg,https://westernunionperu.pe/cambiodemoneda?utm_source=ced&utm_content=listado,"BCP, BANBIF, Pichincha, Scotiabank","{'M_F': '9 am - 5:00 pm', 'Saturdays': '', 'Sundays': ''}",2024-10-04T17:39:19.907Z,3.72,0.0,3.743,0.0,12:40:49,04-10-2024
Dolarex,https://s3-ced-uploads-01.s3.amazonaws.com/1706407302313-dolarex.svg,https://dolarex.pe/?utm_source=ced,"BCP, BBVA, Interbank","{'M_F': '8 am - 6 pm', 'Saturdays': '8 am - 2 pm', 'Sundays': ''}",2024-09-13T03:59:37.933Z,3.72,0.01,3.745,-0.005,12:40:49,04-10-2024
sr Cambio,https://s3-ced-uploads-01.s3.amazonaws.com/1703885507016-sr-cambio.png,https://srcambio.pe/?utm_source=ced&utm_medium=listado,BCP,"{'M_F': '9 am - 6pm', 'Saturdays': '9 am - 1pm', 'Sundays': ''}",2024-05-13T19:03:22.616Z,3.722,0.0,3.735,-0.002,12:40:49,04-10-2024
Money House,https://s3-ced-uploads-01.s3.amazonaws.com/1706408745945-money_house.svg,https://www.moneyhouse.pe/?utm_source=ced,BCP e INTERBAK,"{'M_F': '8:30 am - 6 pm ', 'Saturdays': '9 am - 1 pm', 'Sundays': ''}",2024-09-13T04:01:20.192Z,3.732,-0.001,3.736,-0.001,12:40:49,04-10-2024
cambiosol,https://s3-ced-uploads-01.s3.amazonaws.com/1703886518616-cambiosol.svg,https://cambiosol.pe/?utm_source=ced,BCP,"{'M_F': '9 am - 6 pm', 'Saturdays': '9 am a 1 pm', 'Sundays': ''}",2024-10-04T17:39:20.122Z,3.725,0.0,3.74,0.0,12:40:49,04-10-2024
DLS Money,https://s3-ced-uploads-01.s3.amazonaws.com/1703888213856-dlsmoney.svg,"https://dlsmoney.com/?utm_source=ced&utm
_medium=listado","BCP, Interbank","{'M_F': '9 am - 7 pm', 'Saturdays': '9 AM - 1pm', 'Sundays': ''}",2024-09-13T03:48:21.112Z,3.727,0.0,3.737,0.0,12:40:49,04-10-2024
Yanki,https://s3-ced-uploads-01.s3.amazonaws.com/1703886832755-yanki.svg,https://yanki.pe?utm_source=CED&utm_medium=paid&utm_campaign=diciembre,BCP,"{'M_F': '9 am - 7 pm', 'Saturdays': '9 am - 2 pm', 'Sundays': ''}",2024-09-13T03:58:44.072Z,3.724,0.0,3.742,0.0,12:40:49,04-10-2024
Instakash,https://s3-ced-uploads-01.s3.amazonaws.com/1720489567199-instakash_v2.svg,https://instakash.net/?utm_source=ced,"BCP, Interbank","{'M_F': '9 am - 7 pm', 'Saturdays': '9 am - 2 pm', 'Sundays': ''}",2024-09-13T03:57:54.370Z,3.726,-0.001,3.748,0.0,12:40:49,04-10-2024
Tu Cambista,https://s3-ced-uploads-01.s3.amazonaws.com/1703885099701-tu-cambista.svg,https://tucambista.pe/ced?utm_source=ced&utm_medium=paid&utm_campaign=pricelist&pc=CED,"BCP, Interbank, Banbif","{'M_F': '8 am - 8 pm', 'Saturdays': '9 am - 3 pm', 'Sundays': ''}",2024-05-13T19:04:47.318Z,3.727,0.0,3.742,0.001,12:40:49,04-10-2024
inka money,https://s3-ced-uploads-01.s3.amazonaws.com/1703888162897-inkamoney.svg,https://inkamoney.com/?utm_source=ced&utm_medium=listado,"BCP, Interbank","{'M_F': '9 am - 6:30 pm', 'Saturdays': '9 am - 1 pm', 'Sundays': ''}",2024-09-13T03:48:04.753Z,3.722,-0.004,3.736,0.0,12:40:49,04-10-2024
Hir Power,https://s3-ced-uploads-01.s3.amazonaws.com/1703887956636-hirpower.svg,https://hirpower.com/?utm_source=ced&utm_medium=listado,BCP,"{'M_F': '8 am - 8 pm', 'Saturdays': '8 am - 2 pm', 'Sundays': ''}",2024-09-13T03:48:13.833Z,3.72,0.0,3.74,-0.01,12:40:49,04-10-2024
Roblex,https://s3-ced-uploads-01.s3.amazonaws.com/1703888186335-roblex.svg,https://roblex.pe/?utm_source=ced&utm_medium=listado,BCP,"{'M_F': '9 am - 6:30 pm', 'Saturdays': '9 am - 1:30 pm', 'Sundays': ''}",2024-09-13T03:48:28.472Z,3.726,0.002,3.738,0.002,12:40:49,04-10-2024
vip capital,https://s3-ced-uploads-01.s3.amazonaws.com/1703888440358-vip-capital.png,https://vipcapital.com.pe/?utm_source=ced,"BCP, Scotiabank","{'M_F': '9 am - 6pm', 'Saturdays': '9 am - 1pm', 'Sundays': ''}",2024-09-13T03:59:25.011Z,3.727,0.0,3.748,0.0,12:40:49,04-10-2024
Cambio Mas,https://s3-ced-uploads-01.s3.amazonaws.com/1706410300024-cambio-mas-2.svg,https://cambiomas.com.pe/?utm_source=ced,"BCP, BBVA, Interbank","{'M_F': '8 am - 6 pm', 'Saturdays': '8 am - 6 pm', 'Sundays': ''}",2024-09-13T03:57:46.412Z,3.72,0.0,3.745,0.006,12:40:49,04-10-2024
Cambio Digital,https://s3-ced-uploads-01.s3.amazonaws.com/1721940518656-Cambio-digital.svg,https://cambiodigitalperu.com/,BCP,"{'M_F': '9am - 7pm', 'Saturdays': '9am - 1pm', 'Sundays': ''}",2024-09-27T15:21:15.300Z,3.732,0.001,3.738,0.002,12:40:49,04-10-2024
Chaski Dolar,https://s3-ced-uploads-01.s3.amazonaws.com/1724079421732-chaski dolar-3.svg,https://chaskidolar.com/?utm_source=ced,"BCP, Interbank","{'M_F': '9 am - 6 pm', 'Saturdays': '9 am - 12:30 pm', 'Sundays': ''}",2024-08-19T20:45:17.940Z,3.724,0.0,3.737,-0.005,12:40:49,04-10-2024
kambio.online,https://s3-ced-uploads-01.s3.amazonaws.com/1723251732620-Kambio-online.svg,https://kambio.online/,BCP,"{'M_F': '9 am - 6 pm', 'Saturdays': '9 am - 1 pm', 'Sundays': '9am - 1pm'}",2024-09-30T18:17:51.782Z,3.726,0.001,3.736,0.001,12:40:49,04-10-2024
Dollar House,https://s3-ced-uploads-01.s3.amazonaws.com/1702304946735-dollar-house-v2.svg,https://dollarhouse.pe/?utm_source=ced,"BCP, Interbak","{'M_F': '9 am - 7 pm.', 'Saturdays': '10 am - 1pm', 'Sundays': ''}",2024-10-04T18:30:19.736Z,3.728,0.0,3.736,0.0,13:31:39,04-10-2024
Rextie,https://s3-ced-uploads-01.s3.amazonaws.com/1700582494591-rextie.png,https://web.rextie.com/registrate?utm_source=cuanto-esta-el-dolar&utm_medium=hubspot&utm_campaign=cuanto-esta-el-dolar&utm_term=listado&utm_content= ,"BCP, Interbank, Pichincha, BANBIF","{'M_F': '8 am - 8 pm', 'Saturdays': '9 am - 3 pm', 'Sundays': ''}",2024-09-17T16:57:36.867Z,3.716,0.0,3.746,0.0,13:31:39,04-10-2024
CambiaFX,https://s3-ced-uploads-01.s3.amazonaws.com/1703001286669-cambiafx_v2.svg,https://cambiafx.pe/?utm_source=display&utm_medium=banner&utm_campaign=Cuanto_esta_el_Dolar&utm_content=boton_cambiar,"BCP, Interbank, Banbif, Yape, Plin, Otros Bancos Transf. Interbancaria","{'M_F': '9 am - 7pm', 'Saturdays': '10 am - 1 pm', 'Sundays': ''}",2024-09-17T22:57:19.785Z,3.723,-0.001,3.739,-0.001,13:31:39,04-10-2024
Cambio Mundial,https://s3-ced-uploads-01.s3.amazonaws.com/1706405397247-cambiomundial-2.svg,https://www.cambiomundial.com/?utm_source=ced,BCP,"{'M_F': '9 am - 6 pm', 'Saturdays': '9 am - 1:00 pm', 'Sundays': ''}",2024-09-17T19:10:55.609Z,3.73,-0.003,3.74,0.0,13:31:39,04-10-2024
Perú dolar,https://s3-ced-uploads-01.s3.amazonaws.com/1710258214508-perudolar.svg,https://perudolar.pe/?utm_source=ced&utm_medium=listado,BCP,"{'M_F': '9 am - 4 pm', 'Saturdays': '-', 'Sundays': ''}",2024-10-04T16:56:44.018Z,3.725,0.005,3.74,0.005,13:31:39,04-10-2024
Okane,https://s3-ced-uploads-01.s3.amazonaws.com/1703885579335-okane.svg,https://www.okanecambiodigital.com/?utm_source=ced,BCP,"{'M_F': '9 am - 6pm', 'Saturdays': '9 am - 2 pm', 'Sundays': ''}",2024-09-13T04:26:45.596Z,3.725,-0.001,3.738,0.0,13:31:39,04-10-2024
Dichikash,https://s3-ced-uploads-01.s3.amazonaws.com/1703885241775-dichikash.svg,https://dichikash.com/?utm_source=ced,"BCP, Interbank, BBVA","{'M_F': '9 am - 7 pm', 'Saturdays': '9 am - 7 pm', 'Sundays': '10 am- 1 pm'}",2024-09-13T03:58:55.512Z,3.727,-0.001,3.736,-0.001,13:31:39,04-10-2024
chapacambio,https://s3-ced-uploads-01.s3.amazonaws.com/1703885660214-chapa-cambio.svg,https://chapacambio.com/?c=CHAPACUANTO,"BCP, BanBif, Interbank, BBVA, Scotiabank","{'M_F': '8:30 am - 6 pm', 'Saturdays': '8:30 am - 1 pm', 'Sundays': ''}",2024-09-13T03:58:28.951Z,3.725,-0.002,3.743,0.004,13:31:39,04-10-2024
Western Union,https://s3-ced-uploads-01.s3.amazonaws.com/1703611552019-western-union.svg,https://westernunionperu.pe/cambiodemoneda?utm_source=ced&utm_content=listado,"BCP, BANBIF, Pichincha, Scotiabank","{'M_F': '9 am - 5:00 pm', 'Saturdays': '', 'Sundays': ''}",2024-10-04T18:30:22.652Z,3.721,0.0,3.744,0.0,13:31:39,04-10-2024
Dolarex,https://s3-ced-uploads-01.s3.amazonaws.com/1706407302313-dolarex.svg,https://dolarex.pe/?utm_source=ced,"BCP, BBVA, Interbank","{'M_F': '8 am - 6 pm', 'Saturdays': '8 am - 2 pm', 'Sundays': ''}",2024-09-13T03:59:37.933Z,3.72,0.01,3.745,-0.005,13:31:39,04-10-2024
sr Cambio,https://s3-ced-uploads-01.s3.amazonaws.com/1703885507016-sr-cambio.png,https://srcambio.pe/?utm_source=ced&utm_medium=listado,BCP,"{'M_F': '9 am - 6pm', 'Saturdays': '9 am - 1pm', 'Sundays': ''}",2024-05-13T19:03:22.616Z,3.72,0.0,3.733,-0.001,13:31:39,04-10-2024
Money House,https://s3-ced-uploads-01.s3.amazonaws.com/1706408745945-money_house.svg,https://www.moneyhouse.pe/?utm_source=ced,BCP e INTERBAK,"{'M_F': '8:30 am - 6 pm ', 'Saturdays': '9 am - 1 pm', 'Sundays': ''}",2024-09-13T04:01:20.192Z,3.728,-0.001,3.733,-0.001,13:31:39,04-10-2024
cambiosol,https://s3-ced-uploads-01.s3.amazonaws.com/1703886518616-cambiosol.svg,https://cambiosol.pe/?utm_source=ced,BCP,"{'M_F': '9 am - 6 pm', 'Saturdays': '9 am a 1 pm', 'Sundays': ''}",2024-10-04T18:30:21.229Z,3.725,0.0,3.74,0.0,13:31:39,04-10-2024
DLS Money,https://s3-ced-uploads-01.s3.amazonaws.com/1703888213856-dlsmoney.svg,"https://dlsmoney.com/?utm_source=ced&utm
_medium=listado","BCP, Interbank","{'M_F': '9 am - 7 pm', 'Saturdays': '9 AM - 1pm', 'Sundays': ''}",2024-09-13T03:48:21.112Z,3.729,0.0,3.74,0.0,13:31:39,04-10-2024
Yanki,https://s3-ced-uploads-01.s3.amazonaws.com/1703886832755-yanki.svg,https://yanki.pe?utm_source=CED&utm_medium=paid&utm_campaign=diciembre,BCP,"{'M_F': '9 am - 7 pm', 'Saturdays': '9 am - 2 pm', 'Sundays': ''}",2024-09-13T03:58:44.072Z,3.724,0.0,3.742,0.0,13:31:39,04-10-2024
Instakash,https://s3-ced-uploads-01.s3.amazonaws.com/1720489567199-instakash_v2.svg,https://instakash.net/?utm_source=ced,"BCP, Interbank","{'M_F': '9 am - 7 pm', 'Saturdays': '9 am - 2 pm', 'Sundays': ''}",2024-09-13T03:57:54.370Z,3.724,0.0,3.745,-0.002,13:31:39,04-10-2024
Tu Cambista,https://s3-ced-uploads-01.s3.amazonaws.com/1703885099701-tu-cambista.svg,https://tucambista.pe/ced?utm_source=ced&utm_medium=paid&utm_campaign=pricelist&pc=CED,"BCP, Interbank, Banbif","{'M_F': '8 am - 8 pm', 'Saturdays': '9 am - 3 pm', 'Sundays': ''}",2024-05-13T19:04:47.318Z,3.724,0.001,3.739,0.0,13:31:39,04-10-2024
inka money,https://s3-ced-uploads-01.s3.amazonaws.com/1703888162897-inkamoney.svg,https://inkamoney.com/?utm_source=ced&utm_medium=listado,"BCP, Interbank","{'M_F': '9 am - 6:30 pm', 'Saturdays': '9 am - 1 pm', 'Sundays': ''}",2024-09-13T03:48:04.753Z,3.72,-0.002,3.737,-0.002,13:31:39,04-10-2024
Hir Power,https://s3-ced-uploads-01.s3.amazonaws.com/1703887956636-hirpower.svg,https://hirpower.com/?utm_source=ced&utm_medium=listado,BCP,"{'M_F': '8 am - 8 pm', 'Saturdays': '8 am - 2 pm', 'Sundays': ''}",2024-09-13T03:48:13.833Z,3.72,0.0,3.74,-0.01,13:31:39,04-10-2024
Roblex,https://s3-ced-uploads-01.s3.amazonaws.com/1703888186335-roblex.svg,https://roblex.pe/?utm_source=ced&utm_medium=listado,BCP,"{'M_F': '9 am - 6:30 pm', 'Saturdays': '9 am - 1:30 pm', 'Sundays': ''}",2024-09-13T03:48:28.472Z,3.723,-0.001,3.736,-0.002,13:31:39,04-10-2024
vip capital,https://s3-ced-uploads-01.s3.amazonaws.com/1703888440358-vip-capital.png,https://vipcapital.com.pe/?utm_source=ced,"BCP, Scotiabank","{'M_F': '9 am - 6pm', 'Saturdays': '9 am - 1pm', 'Sundays': ''}",2024-09-13T03:59:25.011Z,3.724,0.0,3.74,0.0,13:31:39,04-10-2024
Cambio Mas,https://s3-ced-uploads-01.s3.amazonaws.com/1706410300024-cambio-mas-2.svg,https://cambiomas.com.pe/?utm_source=ced,"BCP, BBVA, Interbank","{'M_F': '8 am - 6 pm', 'Saturdays': '8 am - 6 pm', 'Sundays': ''}",2024-09-13T03:57:46.412Z,3.71,-0.01,3.749,0.004,13:31:39,04-10-2024
Cambio Digital,https://s3-ced-uploads-01.s3.amazonaws.com/1721940518656-Cambio-digital.svg,https://cambiodigitalperu.com/,BCP,"{'M_F': '9am - 7pm', 'Saturdays': '9am - 1pm', 'Sundays': ''}",2024-09-27T15:21:15.300Z,3.728,-0.002,3.738,0.0,13:31:39,04-10-2024
Chaski Dolar,https://s3-ced-uploads-01.s3.amazonaws.com/1724079421732-chaski dolar-3.svg,https://chaskidolar.com/?utm_source=ced,"BCP, Interbank","{'M_F': '9 am - 6 pm', 'Saturdays': '9 am - 12:30 pm', 'Sundays': ''}",2024-08-19T20:45:17.940Z,3.722,-0.003,3.738,0.0,13:31:39,04-10-2024
kambio.online,https://s3-ced-uploads-01.s3.amazonaws.com/1723251732620-Kambio-online.svg,https://kambio.online/,BCP,"{'M_F': '9 am - 6 pm', 'Saturdays': '9 am - 1 pm', 'Sundays': '9am - 1pm'}",2024-09-30T18:17:51.782Z,3.723,-0.001,3.733,-0.001,13:31:39,04-10-2024
Dollar House,https://s3-ced-uploads-01.s3.amazonaws.com/1702304946735-dollar-house-v2.svg,https://dollarhouse.pe/?utm_source=ced,"BCP, Interbak","{'M_F': '9 am - 7 pm.', 'Saturdays': '10 am - 1pm', 'Sundays': ''}",2024-10-04T18:45:19.661Z,3.726,0.0,3.737,0.001,13:46:14,04-10-2024
Rextie,https://s3-ced-uploads-01.s3.amazonaws.com/1700582494591-rextie.png,https://web.rextie.com/registrate?utm_source=cuanto-esta-el-dolar&utm_medium=hubspot&utm_campaign=cuanto-esta-el-dolar&utm_term=listado&utm_content= ,"BCP, Interbank, Pichincha, BANBIF","{'M_F': '8 am - 8 pm', 'Saturdays': '9 am - 3 pm', 'Sundays': ''}",2024-09-17T16:57:36.867Z,3.7180,0.0,3.7480,0.0,13:46:14,04-10-2024
CambiaFX,https://s3-ced-uploads-01.s3.amazonaws.com/1703001286669-cambiafx_v2.svg,https://cambiafx.pe/?utm_source=display&utm_medium=banner&utm_campaign=Cuanto_esta_el_Dolar&utm_content=boton_cambiar,"BCP, Interbank, Banbif, Yape, Plin, Otros Bancos Transf. Interbancaria","{'M_F': '9 am - 7pm', 'Saturdays': '10 am - 1 pm', 'Sundays': ''}",2024-09-17T22:57:19.785Z,3.724000,0.001,3.739000,0.0,13:46:14,04-10-2024
Cambio Mundial,https://s3-ced-uploads-01.s3.amazonaws.com/1706405397247-cambiomundial-2.svg,https://www.cambiomundial.com/?utm_source=ced,BCP,"{'M_F': '9 am - 6 pm', 'Saturdays': '9 am - 1:00 pm', 'Sundays': ''}",2024-09-17T19:10:55.609Z,3.730,0.0,3.736,-0.004,13:46:14,04-10-2024
Perú dolar,https://s3-ced-uploads-01.s3.amazonaws.com/1710258214508-perudolar.svg,https://perudolar.pe/?utm_source=ced&utm_medium=listado,BCP,"{'M_F': '9 am - 4 pm', 'Saturdays': '-', 'Sundays': ''}",2024-10-04T16:56:44.018Z,3.725,0.005,3.74,0.005,13:46:14,04-10-2024
Okane,https://s3-ced-uploads-01.s3.amazonaws.com/1703885579335-okane.svg,https://www.okanecambiodigital.com/?utm_source=ced,BCP,"{'M_F': '9 am - 6pm', 'Saturdays': '9 am - 2 pm', 'Sundays': ''}",2024-09-13T04:26:45.596Z,3.728,0.003,3.738,0.0,13:46:14,04-10-2024
Dichikash,https://s3-ced-uploads-01.s3.amazonaws.com/1703885241775-dichikash.svg,https://dichikash.com/?utm_source=ced,"BCP, Interbank, BBVA","{'M_F': '9 am - 7 pm', 'Saturdays': '9 am - 7 pm', 'Sundays': '10 am- 1 pm'}",2024-09-13T03:58:55.512Z,3.727,-0.001,3.736,-0.001,13:46:14,04-10-2024
chapacambio,https://s3-ced-uploads-01.s3.amazonaws.com/1703885660214-chapa-cambio.svg,https://chapacambio.com/?c=CHAPACUANTO,"BCP, BanBif, Interbank, BBVA, Scotiabank","{'M_F': '8:30 am - 6 pm', 'Saturdays': '8:30 am - 1 pm', 'Sundays': ''}",2024-09-13T03:58:28.951Z,3.72600,0.001,3.74400,0.001,13:46:14,04-10-2024
Western Union,https://s3-ced-uploads-01.s3.amazonaws.com/1703611552019-western-union.svg,https://westernunionperu.pe/cambiodemoneda?utm_source=ced&utm_content=listado,"BCP, BANBIF, Pichincha, Scotiabank","{'M_F': '9 am - 5:00 pm', 'Saturdays': '', 'Sundays': ''}",2024-10-04T18:45:20.041Z,3.721,0.0,3.744,0.0,13:46:14,04-10-2024
Dolarex,https://s3-ced-uploads-01.s3.amazonaws.com/1706407302313-dolarex.svg,https://dolarex.pe/?utm_source=ced,"BCP, BBVA, Interbank","{'M_F': '8 am - 6 pm', 'Saturdays': '8 am - 2 pm', 'Sundays': ''}",2024-09-13T03:59:37.933Z,3.72,0.01,3.745,-0.005,13:46:14,04-10-2024
sr Cambio,https://s3-ced-uploads-01.s3.amazonaws.com/1703885507016-sr-cambio.png,https://srcambio.pe/?utm_source=ced&utm_medium=listado,BCP,"{'M_F': '9 am - 6pm', 'Saturdays': '9 am - 1pm', 'Sundays': ''}",2024-05-13T19:03:22.616Z,3.72,0.0,3.733,-0.001,13:46:14,04-10-2024
Money House,https://s3-ced-uploads-01.s3.amazonaws.com/1706408745945-money_house.svg,https://www.moneyhouse.pe/?utm_source=ced,BCP e INTERBAK,"{'M_F': '8:30 am - 6 pm ', 'Saturdays': '9 am - 1 pm', 'Sundays': ''}",2024-09-13T04:01:20.192Z,3.7280,-0.001,3.7330,-0.001,13:46:14,04-10-2024
cambiosol,https://s3-ced-uploads-01.s3.amazonaws.com/1703886518616-cambiosol.svg,https://cambiosol.pe/?utm_source=ced,BCP,"{'M_F': '9 am - 6 pm', 'Saturdays': '9 am a 1 pm', 'Sundays': ''}",2024-10-04T18:45:20.243Z,3.725,0.0,3.740,0.0,13:46:14,04-10-2024
DLS Money,https://s3-ced-uploads-01.s3.amazonaws.com/1703888213856-dlsmoney.svg,"https://dlsmoney.com/?utm_source=ced&utm
_medium=listado","BCP, Interbank","{'M_F': '9 am - 7 pm', 'Saturdays': '9 AM - 1pm', 'Sundays': ''}",2024-09-13T03:48:21.112Z,3.729,0.0,3.74,0.0,13:46:14,04-10-2024
Yanki,https://s3-ced-uploads-01.s3.amazonaws.com/1703886832755-yanki.svg,https://yanki.pe?utm_source=CED&utm_medium=paid&utm_campaign=diciembre,BCP,"{'M_F': '9 am - 7 pm', 'Saturdays': '9 am - 2 pm', 'Sundays': ''}",2024-09-13T03:58:44.072Z,3.7260,0.0,3.7440,0.0,13:46:14,04-10-2024
Instakash,https://s3-ced-uploads-01.s3.amazonaws.com/1720489567199-instakash_v2.svg,https://instakash.net/?utm_source=ced,"BCP, Interbank","{'M_F': '9 am - 7 pm', 'Saturdays': '9 am - 2 pm', 'Sundays': ''}",2024-09-13T03:57:54.370Z,3.7240,0.0,3.7460,0.001,13:46:14,04-10-2024
Tu Cambista,https://s3-ced-uploads-01.s3.amazonaws.com/1703885099701-tu-cambista.svg,https://tucambista.pe/ced?utm_source=ced&utm_medium=paid&utm_campaign=pricelist&pc=CED,"BCP, Interbank, Banbif","{'M_F': '8 am - 8 pm', 'Saturdays': '9 am - 3 pm', 'Sundays': ''}",2024-05-13T19:04:47.318Z,3.7235,-0.001,3.7415,0.002,13:46:14,04-10-2024
inka money,https://s3-ced-uploads-01.s3.amazonaws.com/1703888162897-inkamoney.svg,https://inkamoney.com/?utm_source=ced&utm_medium=listado,"BCP, Interbank","{'M_F': '9 am - 6:30 pm', 'Saturdays': '9 am - 1 pm', 'Sundays': ''}",2024-09-13T03:48:04.753Z,3.72,-0.002,3.737,-0.002,13:46:14,04-10-2024
Hir Power,https://s3-ced-uploads-01.s3.amazonaws.com/1703887956636-hirpower.svg,https://hirpower.com/?utm_source=ced&utm_medium=listado,BCP,"{'M_F': '8 am - 8 pm', 'Saturdays': '8 am - 2 pm', 'Sundays': ''}",2024-09-13T03:48:13.833Z,3.72,0.0,3.74,-0.01,13:46:14,04-10-2024
Roblex,https://s3-ced-uploads-01.s3.amazonaws.com/1703888186335-roblex.svg,https://roblex.pe/?utm_source=ced&utm_medium=listado,BCP,"{'M_F': '9 am - 6:30 pm', 'Saturdays': '9 am - 1:30 pm', 'Sundays': ''}",2024-09-13T03:48:28.472Z,3.7210,-0.002,3.7340,-0.002,13:46:14,04-10-2024
vip capital,https://s3-ced-uploads-01.s3.amazonaws.com/1703888440358-vip-capital.png,https://vipcapital.com.pe/?utm_source=ced,"BCP, Scotiabank","{'M_F': '9 am - 6pm', 'Saturdays': '9 am - 1pm', 'Sundays': ''}",2024-09-13T03:59:25.011Z,3.724,0.0,3.740,0.0,13:46:14,04-10-2024
Cambio Mas,https://s3-ced-uploads-01.s3.amazonaws.com/1706410300024-cambio-mas-2.svg,https://cambiomas.com.pe/?utm_source=ced,"BCP, BBVA, Interbank","{'M_F': '8 am - 6 pm', 'Saturdays': '8 am - 6 pm', 'Sundays': ''}",2024-09-13T03:57:46.412Z,3.71,-0.01,3.749,0.004,13:46:14,04-10-2024
Cambio Digital,https://s3-ced-uploads-01.s3.amazonaws.com/1721940518656-Cambio-digital.svg,https://cambiodigitalperu.com/,BCP,"{'M_F': '9am - 7pm', 'Saturdays': '9am - 1pm', 'Sundays': ''}",2024-09-27T15:21:15.300Z,3.728,0.001,3.737,-0.001,13:46:14,04-10-2024
Chaski Dolar,https://s3-ced-uploads-01.s3.amazonaws.com/1724079421732-chaski dolar-3.svg,https://chaskidolar.com/?utm_source=ced,"BCP, Interbank","{'M_F': '9 am - 6 pm', 'Saturdays': '9 am - 12:30 pm', 'Sundays': ''}",2024-08-19T20:45:17.940Z,3.722,0.0,3.734,-0.004,13:46:14,04-10-2024
kambio.online,https://s3-ced-uploads-01.s3.amazonaws.com/1723251732620-Kambio-online.svg,https://kambio.online/,BCP,"{'M_F': '9 am - 6 pm', 'Saturdays': '9 am - 1 pm', 'Sundays': '9am - 1pm'}",2024-09-30T18:17:51.782Z,3.723,-0.001,3.733,-0.001,13:46:14,04-10-2024
